year,month,month_name,agency_id,company_name,metric,value_mw,scraped_at
2022,1,Jan,,All Manufacturers,cell_manufactured_mw,0.0,2026-05-16T00:32:03
2022,2,Feb,,All Manufacturers,cell_manufactured_mw,0.0,2026-05-16T00:32:03
2022,3,Mar,,All Manufacturers,cell_manufactured_mw,12.72,2026-05-16T00:32:03
2022,4,Apr,,All Manufacturers,cell_manufactured_mw,3.9,2026-05-16T00:32:03
2022,5,May,,All Manufacturers,cell_manufactured_mw,0.0,2026-05-16T00:32:03
2022,6,Jun,,All Manufacturers,cell_manufactured_mw,1.78,2026-05-16T00:32:03
2022,7,Jul,,All Manufacturers,cell_manufactured_mw,0.0,2026-05-16T00:32:03
2022,8,Aug,,All Manufacturers,cell_manufactured_mw,0.0,2026-05-16T00:32:03
2022,9,Sep,,All Manufacturers,cell_manufactured_mw,0.0,2026-05-16T00:32:03
2022,10,Oct,,All Manufacturers,cell_manufactured_mw,2.14,2026-05-16T00:32:03
2022,11,Nov,,All Manufacturers,cell_manufactured_mw,0.95,2026-05-16T00:32:03
2022,12,Dec,,All Manufacturers,cell_manufactured_mw,17.37,2026-05-16T00:32:03
2022,1,Jan,,All Manufacturers,cell_sold_mw,0.0,2026-05-16T00:32:03
2022,2,Feb,,All Manufacturers,cell_sold_mw,0.0,2026-05-16T00:32:03
2022,3,Mar,,All Manufacturers,cell_sold_mw,0.0,2026-05-16T00:32:03
2022,4,Apr,,All Manufacturers,cell_sold_mw,5.0,2026-05-16T00:32:03
2022,5,May,,All Manufacturers,cell_sold_mw,5.0,2026-05-16T00:32:03
2022,6,Jun,,All Manufacturers,cell_sold_mw,2.72,2026-05-16T00:32:03
2022,7,Jul,,All Manufacturers,cell_sold_mw,0.0,2026-05-16T00:32:03
2022,8,Aug,,All Manufacturers,cell_sold_mw,0.0,2026-05-16T00:32:03
2022,9,Sep,,All Manufacturers,cell_sold_mw,0.0,2026-05-16T00:32:03
2022,10,Oct,,All Manufacturers,cell_sold_mw,0.0,2026-05-16T00:32:03
2022,11,Nov,,All Manufacturers,cell_sold_mw,0.0,2026-05-16T00:32:03
2022,12,Dec,,All Manufacturers,cell_sold_mw,10.0,2026-05-16T00:32:03
2022,1,Jan,9d98d3e6-0379-4589-ba0e-d704fdcdb57f,Jupiter International Limited,cell_manufactured_mw,0.0,2026-05-16T00:32:03
2022,2,Feb,9d98d3e6-0379-4589-ba0e-d704fdcdb57f,Jupiter International Limited,cell_manufactured_mw,0.0,2026-05-16T00:32:03
2022,3,Mar,9d98d3e6-0379-4589-ba0e-d704fdcdb57f,Jupiter International Limited,cell_manufactured_mw,12.72,2026-05-16T00:32:03
2022,4,Apr,9d98d3e6-0379-4589-ba0e-d704fdcdb57f,Jupiter International Limited,cell_manufactured_mw,0.0,2026-05-16T00:32:03
2022,5,May,9d98d3e6-0379-4589-ba0e-d704fdcdb57f,Jupiter International Limited,cell_manufactured_mw,0.0,2026-05-16T00:32:03
2022,6,Jun,9d98d3e6-0379-4589-ba0e-d704fdcdb57f,Jupiter International Limited,cell_manufactured_mw,0.0,2026-05-16T00:32:03
2022,7,Jul,9d98d3e6-0379-4589-ba0e-d704fdcdb57f,Jupiter International Limited,cell_manufactured_mw,0.0,2026-05-16T00:32:03
2022,8,Aug,9d98d3e6-0379-4589-ba0e-d704fdcdb57f,Jupiter International Limited,cell_manufactured_mw,0.0,2026-05-16T00:32:03
2022,9,Sep,9d98d3e6-0379-4589-ba0e-d704fdcdb57f,Jupiter International Limited,cell_manufactured_mw,0.0,2026-05-16T00:32:03
2022,10,Oct,9d98d3e6-0379-4589-ba0e-d704fdcdb57f,Jupiter International Limited,cell_manufactured_mw,0.0,2026-05-16T00:32:03
2022,11,Nov,9d98d3e6-0379-4589-ba0e-d704fdcdb57f,Jupiter International Limited,cell_manufactured_mw,0.0,2026-05-16T00:32:03
2022,12,Dec,9d98d3e6-0379-4589-ba0e-d704fdcdb57f,Jupiter International Limited,cell_manufactured_mw,10.0,2026-05-16T00:32:03
2022,1,Jan,9d98d3e6-0379-4589-ba0e-d704fdcdb57f,Jupiter International Limited,cell_sold_mw,0.0,2026-05-16T00:32:03
2022,2,Feb,9d98d3e6-0379-4589-ba0e-d704fdcdb57f,Jupiter International Limited,cell_sold_mw,0.0,2026-05-16T00:32:03
2022,3,Mar,9d98d3e6-0379-4589-ba0e-d704fdcdb57f,Jupiter International Limited,cell_sold_mw,0.0,2026-05-16T00:32:03
2022,4,Apr,9d98d3e6-0379-4589-ba0e-d704fdcdb57f,Jupiter International Limited,cell_sold_mw,5.0,2026-05-16T00:32:03
2022,5,May,9d98d3e6-0379-4589-ba0e-d704fdcdb57f,Jupiter International Limited,cell_sold_mw,5.0,2026-05-16T00:32:03
2022,6,Jun,9d98d3e6-0379-4589-ba0e-d704fdcdb57f,Jupiter International Limited,cell_sold_mw,2.72,2026-05-16T00:32:03
2022,7,Jul,9d98d3e6-0379-4589-ba0e-d704fdcdb57f,Jupiter International Limited,cell_sold_mw,0.0,2026-05-16T00:32:03
2022,8,Aug,9d98d3e6-0379-4589-ba0e-d704fdcdb57f,Jupiter International Limited,cell_sold_mw,0.0,2026-05-16T00:32:03
2022,9,Sep,9d98d3e6-0379-4589-ba0e-d704fdcdb57f,Jupiter International Limited,cell_sold_mw,0.0,2026-05-16T00:32:03
2022,10,Oct,9d98d3e6-0379-4589-ba0e-d704fdcdb57f,Jupiter International Limited,cell_sold_mw,0.0,2026-05-16T00:32:03
2022,11,Nov,9d98d3e6-0379-4589-ba0e-d704fdcdb57f,Jupiter International Limited,cell_sold_mw,0.0,2026-05-16T00:32:03
2022,12,Dec,9d98d3e6-0379-4589-ba0e-d704fdcdb57f,Jupiter International Limited,cell_sold_mw,10.0,2026-05-16T00:32:03
2022,1,Jan,6465a0b9-60b7-4edf-97f1-3cb3840b9a73,Mundra Solar Energy Limited,cell_manufactured_mw,0.0,2026-05-16T00:32:03
2022,2,Feb,6465a0b9-60b7-4edf-97f1-3cb3840b9a73,Mundra Solar Energy Limited,cell_manufactured_mw,0.0,2026-05-16T00:32:03
2022,3,Mar,6465a0b9-60b7-4edf-97f1-3cb3840b9a73,Mundra Solar Energy Limited,cell_manufactured_mw,0.0,2026-05-16T00:32:03
2022,4,Apr,6465a0b9-60b7-4edf-97f1-3cb3840b9a73,Mundra Solar Energy Limited,cell_manufactured_mw,0.0,2026-05-16T00:32:03
2022,5,May,6465a0b9-60b7-4edf-97f1-3cb3840b9a73,Mundra Solar Energy Limited,cell_manufactured_mw,0.0,2026-05-16T00:32:03
2022,6,Jun,6465a0b9-60b7-4edf-97f1-3cb3840b9a73,Mundra Solar Energy Limited,cell_manufactured_mw,0.0,2026-05-16T00:32:03
2022,7,Jul,6465a0b9-60b7-4edf-97f1-3cb3840b9a73,Mundra Solar Energy Limited,cell_manufactured_mw,0.0,2026-05-16T00:32:03
2022,8,Aug,6465a0b9-60b7-4edf-97f1-3cb3840b9a73,Mundra Solar Energy Limited,cell_manufactured_mw,0.0,2026-05-16T00:32:03
2022,9,Sep,6465a0b9-60b7-4edf-97f1-3cb3840b9a73,Mundra Solar Energy Limited,cell_manufactured_mw,0.0,2026-05-16T00:32:03
2022,10,Oct,6465a0b9-60b7-4edf-97f1-3cb3840b9a73,Mundra Solar Energy Limited,cell_manufactured_mw,0.01,2026-05-16T00:32:03
2022,11,Nov,6465a0b9-60b7-4edf-97f1-3cb3840b9a73,Mundra Solar Energy Limited,cell_manufactured_mw,0.0,2026-05-16T00:32:03
2022,12,Dec,6465a0b9-60b7-4edf-97f1-3cb3840b9a73,Mundra Solar Energy Limited,cell_manufactured_mw,7.37,2026-05-16T00:32:03
2022,1,Jan,6465a0b9-60b7-4edf-97f1-3cb3840b9a73,Mundra Solar Energy Limited,cell_sold_mw,0.0,2026-05-16T00:32:03
2022,2,Feb,6465a0b9-60b7-4edf-97f1-3cb3840b9a73,Mundra Solar Energy Limited,cell_sold_mw,0.0,2026-05-16T00:32:03
2022,3,Mar,6465a0b9-60b7-4edf-97f1-3cb3840b9a73,Mundra Solar Energy Limited,cell_sold_mw,0.0,2026-05-16T00:32:03
2022,4,Apr,6465a0b9-60b7-4edf-97f1-3cb3840b9a73,Mundra Solar Energy Limited,cell_sold_mw,0.0,2026-05-16T00:32:03
2022,5,May,6465a0b9-60b7-4edf-97f1-3cb3840b9a73,Mundra Solar Energy Limited,cell_sold_mw,0.0,2026-05-16T00:32:03
2022,6,Jun,6465a0b9-60b7-4edf-97f1-3cb3840b9a73,Mundra Solar Energy Limited,cell_sold_mw,0.0,2026-05-16T00:32:03
2022,7,Jul,6465a0b9-60b7-4edf-97f1-3cb3840b9a73,Mundra Solar Energy Limited,cell_sold_mw,0.0,2026-05-16T00:32:03
2022,8,Aug,6465a0b9-60b7-4edf-97f1-3cb3840b9a73,Mundra Solar Energy Limited,cell_sold_mw,0.0,2026-05-16T00:32:03
2022,9,Sep,6465a0b9-60b7-4edf-97f1-3cb3840b9a73,Mundra Solar Energy Limited,cell_sold_mw,0.0,2026-05-16T00:32:03
2022,10,Oct,6465a0b9-60b7-4edf-97f1-3cb3840b9a73,Mundra Solar Energy Limited,cell_sold_mw,0.0,2026-05-16T00:32:03
2022,11,Nov,6465a0b9-60b7-4edf-97f1-3cb3840b9a73,Mundra Solar Energy Limited,cell_sold_mw,0.0,2026-05-16T00:32:03
2022,12,Dec,6465a0b9-60b7-4edf-97f1-3cb3840b9a73,Mundra Solar Energy Limited,cell_sold_mw,0.0,2026-05-16T00:32:03
2023,1,Jan,,All Manufacturers,cell_manufactured_mw,14.5,2026-05-16T00:32:03
2023,2,Feb,,All Manufacturers,cell_manufactured_mw,20.84,2026-05-16T00:32:03
2023,3,Mar,,All Manufacturers,cell_manufactured_mw,38.83,2026-05-16T00:32:03
2023,4,Apr,,All Manufacturers,cell_manufactured_mw,50.83,2026-05-16T00:32:03
2023,5,May,,All Manufacturers,cell_manufactured_mw,98.45,2026-05-16T00:32:03
2023,6,Jun,,All Manufacturers,cell_manufactured_mw,82.49,2026-05-16T00:32:03
2023,7,Jul,,All Manufacturers,cell_manufactured_mw,61.12,2026-05-16T00:32:03
2023,8,Aug,,All Manufacturers,cell_manufactured_mw,77.48,2026-05-16T00:32:03
2023,9,Sep,,All Manufacturers,cell_manufactured_mw,47.34,2026-05-16T00:32:03
2023,10,Oct,,All Manufacturers,cell_manufactured_mw,85.85,2026-05-16T00:32:03
2023,11,Nov,,All Manufacturers,cell_manufactured_mw,106.61,2026-05-16T00:32:03
2023,12,Dec,,All Manufacturers,cell_manufactured_mw,196.18,2026-05-16T00:32:03
2023,1,Jan,,All Manufacturers,cell_sold_mw,0.0,2026-05-16T00:32:03
2023,2,Feb,,All Manufacturers,cell_sold_mw,11.35,2026-05-16T00:32:03
2023,3,Mar,,All Manufacturers,cell_sold_mw,13.21,2026-05-16T00:32:03
2023,4,Apr,,All Manufacturers,cell_sold_mw,43.32,2026-05-16T00:32:03
2023,5,May,,All Manufacturers,cell_sold_mw,16.87,2026-05-16T00:32:03
2023,6,Jun,,All Manufacturers,cell_sold_mw,43.61,2026-05-16T00:32:03
2023,7,Jul,,All Manufacturers,cell_sold_mw,44.15,2026-05-16T00:32:03
2023,8,Aug,,All Manufacturers,cell_sold_mw,46.52,2026-05-16T00:32:03
2023,9,Sep,,All Manufacturers,cell_sold_mw,47.0,2026-05-16T00:32:03
2023,10,Oct,,All Manufacturers,cell_sold_mw,38.23,2026-05-16T00:32:03
2023,11,Nov,,All Manufacturers,cell_sold_mw,48.91,2026-05-16T00:32:03
2023,12,Dec,,All Manufacturers,cell_sold_mw,71.9,2026-05-16T00:32:03
2023,1,Jan,9d98d3e6-0379-4589-ba0e-d704fdcdb57f,Jupiter International Limited,cell_manufactured_mw,0.46,2026-05-16T00:32:03
2023,2,Feb,9d98d3e6-0379-4589-ba0e-d704fdcdb57f,Jupiter International Limited,cell_manufactured_mw,16.35,2026-05-16T00:32:03
2023,3,Mar,9d98d3e6-0379-4589-ba0e-d704fdcdb57f,Jupiter International Limited,cell_manufactured_mw,28.51,2026-05-16T00:32:03
2023,4,Apr,9d98d3e6-0379-4589-ba0e-d704fdcdb57f,Jupiter International Limited,cell_manufactured_mw,41.57,2026-05-16T00:32:03
2023,5,May,9d98d3e6-0379-4589-ba0e-d704fdcdb57f,Jupiter International Limited,cell_manufactured_mw,48.03,2026-05-16T00:32:03
2023,6,Jun,9d98d3e6-0379-4589-ba0e-d704fdcdb57f,Jupiter International Limited,cell_manufactured_mw,41.11,2026-05-16T00:32:03
2023,7,Jul,9d98d3e6-0379-4589-ba0e-d704fdcdb57f,Jupiter International Limited,cell_manufactured_mw,43.77,2026-05-16T00:32:03
2023,8,Aug,9d98d3e6-0379-4589-ba0e-d704fdcdb57f,Jupiter International Limited,cell_manufactured_mw,54.37,2026-05-16T00:32:03
2023,9,Sep,9d98d3e6-0379-4589-ba0e-d704fdcdb57f,Jupiter International Limited,cell_manufactured_mw,38.41,2026-05-16T00:32:03
2023,10,Oct,9d98d3e6-0379-4589-ba0e-d704fdcdb57f,Jupiter International Limited,cell_manufactured_mw,37.28,2026-05-16T00:32:03
2023,11,Nov,9d98d3e6-0379-4589-ba0e-d704fdcdb57f,Jupiter International Limited,cell_manufactured_mw,32.92,2026-05-16T00:32:03
2023,12,Dec,9d98d3e6-0379-4589-ba0e-d704fdcdb57f,Jupiter International Limited,cell_manufactured_mw,43.49,2026-05-16T00:32:03
2023,1,Jan,9d98d3e6-0379-4589-ba0e-d704fdcdb57f,Jupiter International Limited,cell_sold_mw,0.0,2026-05-16T00:32:03
2023,2,Feb,9d98d3e6-0379-4589-ba0e-d704fdcdb57f,Jupiter International Limited,cell_sold_mw,11.35,2026-05-16T00:32:03
2023,3,Mar,9d98d3e6-0379-4589-ba0e-d704fdcdb57f,Jupiter International Limited,cell_sold_mw,13.21,2026-05-16T00:32:03
2023,4,Apr,9d98d3e6-0379-4589-ba0e-d704fdcdb57f,Jupiter International Limited,cell_sold_mw,43.32,2026-05-16T00:32:03
2023,5,May,9d98d3e6-0379-4589-ba0e-d704fdcdb57f,Jupiter International Limited,cell_sold_mw,16.87,2026-05-16T00:32:03
2023,6,Jun,9d98d3e6-0379-4589-ba0e-d704fdcdb57f,Jupiter International Limited,cell_sold_mw,43.61,2026-05-16T00:32:03
2023,7,Jul,9d98d3e6-0379-4589-ba0e-d704fdcdb57f,Jupiter International Limited,cell_sold_mw,44.15,2026-05-16T00:32:03
2023,8,Aug,9d98d3e6-0379-4589-ba0e-d704fdcdb57f,Jupiter International Limited,cell_sold_mw,46.52,2026-05-16T00:32:03
2023,9,Sep,9d98d3e6-0379-4589-ba0e-d704fdcdb57f,Jupiter International Limited,cell_sold_mw,47.0,2026-05-16T00:32:03
2023,10,Oct,9d98d3e6-0379-4589-ba0e-d704fdcdb57f,Jupiter International Limited,cell_sold_mw,38.23,2026-05-16T00:32:03
2023,11,Nov,9d98d3e6-0379-4589-ba0e-d704fdcdb57f,Jupiter International Limited,cell_sold_mw,43.1,2026-05-16T00:32:03
2023,12,Dec,9d98d3e6-0379-4589-ba0e-d704fdcdb57f,Jupiter International Limited,cell_sold_mw,45.37,2026-05-16T00:32:03
2023,1,Jan,91b24c33-c4b4-492e-91fe-abb42080a27d,Tata Power Renewable Energy Limited,cell_manufactured_mw,0.05,2026-05-16T00:32:03
2023,2,Feb,91b24c33-c4b4-492e-91fe-abb42080a27d,Tata Power Renewable Energy Limited,cell_manufactured_mw,0.07,2026-05-16T00:32:03
2023,3,Mar,91b24c33-c4b4-492e-91fe-abb42080a27d,Tata Power Renewable Energy Limited,cell_manufactured_mw,0.19,2026-05-16T00:32:03
2023,4,Apr,91b24c33-c4b4-492e-91fe-abb42080a27d,Tata Power Renewable Energy Limited,cell_manufactured_mw,2.66,2026-05-16T00:32:03
2023,5,May,91b24c33-c4b4-492e-91fe-abb42080a27d,Tata Power Renewable Energy Limited,cell_manufactured_mw,5.21,2026-05-16T00:32:03
2023,6,Jun,91b24c33-c4b4-492e-91fe-abb42080a27d,Tata Power Renewable Energy Limited,cell_manufactured_mw,9.64,2026-05-16T00:32:03
2023,7,Jul,91b24c33-c4b4-492e-91fe-abb42080a27d,Tata Power Renewable Energy Limited,cell_manufactured_mw,14.77,2026-05-16T00:32:03
2023,8,Aug,91b24c33-c4b4-492e-91fe-abb42080a27d,Tata Power Renewable Energy Limited,cell_manufactured_mw,21.21,2026-05-16T00:32:03
2023,9,Sep,91b24c33-c4b4-492e-91fe-abb42080a27d,Tata Power Renewable Energy Limited,cell_manufactured_mw,2.89,2026-05-16T00:32:03
2023,10,Oct,91b24c33-c4b4-492e-91fe-abb42080a27d,Tata Power Renewable Energy Limited,cell_manufactured_mw,13.48,2026-05-16T00:32:03
2023,11,Nov,91b24c33-c4b4-492e-91fe-abb42080a27d,Tata Power Renewable Energy Limited,cell_manufactured_mw,5.35,2026-05-16T00:32:03
2023,12,Dec,91b24c33-c4b4-492e-91fe-abb42080a27d,Tata Power Renewable Energy Limited,cell_manufactured_mw,90.56,2026-05-16T00:32:03
2023,1,Jan,91b24c33-c4b4-492e-91fe-abb42080a27d,Tata Power Renewable Energy Limited,cell_sold_mw,0.0,2026-05-16T00:32:03
2023,2,Feb,91b24c33-c4b4-492e-91fe-abb42080a27d,Tata Power Renewable Energy Limited,cell_sold_mw,0.0,2026-05-16T00:32:03
2023,3,Mar,91b24c33-c4b4-492e-91fe-abb42080a27d,Tata Power Renewable Energy Limited,cell_sold_mw,0.0,2026-05-16T00:32:03
2023,4,Apr,91b24c33-c4b4-492e-91fe-abb42080a27d,Tata Power Renewable Energy Limited,cell_sold_mw,0.0,2026-05-16T00:32:03
2023,5,May,91b24c33-c4b4-492e-91fe-abb42080a27d,Tata Power Renewable Energy Limited,cell_sold_mw,0.0,2026-05-16T00:32:03
2023,6,Jun,91b24c33-c4b4-492e-91fe-abb42080a27d,Tata Power Renewable Energy Limited,cell_sold_mw,0.0,2026-05-16T00:32:03
2023,7,Jul,91b24c33-c4b4-492e-91fe-abb42080a27d,Tata Power Renewable Energy Limited,cell_sold_mw,0.0,2026-05-16T00:32:03
2023,8,Aug,91b24c33-c4b4-492e-91fe-abb42080a27d,Tata Power Renewable Energy Limited,cell_sold_mw,0.0,2026-05-16T00:32:03
2023,9,Sep,91b24c33-c4b4-492e-91fe-abb42080a27d,Tata Power Renewable Energy Limited,cell_sold_mw,0.0,2026-05-16T00:32:03
2023,10,Oct,91b24c33-c4b4-492e-91fe-abb42080a27d,Tata Power Renewable Energy Limited,cell_sold_mw,0.0,2026-05-16T00:32:03
2023,11,Nov,91b24c33-c4b4-492e-91fe-abb42080a27d,Tata Power Renewable Energy Limited,cell_sold_mw,0.0,2026-05-16T00:32:03
2023,12,Dec,91b24c33-c4b4-492e-91fe-abb42080a27d,Tata Power Renewable Energy Limited,cell_sold_mw,0.0,2026-05-16T00:32:03
2023,1,Jan,6465a0b9-60b7-4edf-97f1-3cb3840b9a73,Mundra Solar Energy Limited,cell_manufactured_mw,13.9,2026-05-16T00:32:03
2023,2,Feb,6465a0b9-60b7-4edf-97f1-3cb3840b9a73,Mundra Solar Energy Limited,cell_manufactured_mw,4.41,2026-05-16T00:32:03
2023,3,Mar,6465a0b9-60b7-4edf-97f1-3cb3840b9a73,Mundra Solar Energy Limited,cell_manufactured_mw,7.68,2026-05-16T00:32:03
2023,4,Apr,6465a0b9-60b7-4edf-97f1-3cb3840b9a73,Mundra Solar Energy Limited,cell_manufactured_mw,6.6,2026-05-16T00:32:03
2023,5,May,6465a0b9-60b7-4edf-97f1-3cb3840b9a73,Mundra Solar Energy Limited,cell_manufactured_mw,14.12,2026-05-16T00:32:03
2023,6,Jun,6465a0b9-60b7-4edf-97f1-3cb3840b9a73,Mundra Solar Energy Limited,cell_manufactured_mw,16.68,2026-05-16T00:32:03
2023,7,Jul,6465a0b9-60b7-4edf-97f1-3cb3840b9a73,Mundra Solar Energy Limited,cell_manufactured_mw,2.5,2026-05-16T00:32:03
2023,8,Aug,6465a0b9-60b7-4edf-97f1-3cb3840b9a73,Mundra Solar Energy Limited,cell_manufactured_mw,1.9,2026-05-16T00:32:03
2023,9,Sep,6465a0b9-60b7-4edf-97f1-3cb3840b9a73,Mundra Solar Energy Limited,cell_manufactured_mw,4.22,2026-05-16T00:32:03
2023,10,Oct,6465a0b9-60b7-4edf-97f1-3cb3840b9a73,Mundra Solar Energy Limited,cell_manufactured_mw,23.59,2026-05-16T00:32:03
2023,11,Nov,6465a0b9-60b7-4edf-97f1-3cb3840b9a73,Mundra Solar Energy Limited,cell_manufactured_mw,27.98,2026-05-16T00:32:03
2023,12,Dec,6465a0b9-60b7-4edf-97f1-3cb3840b9a73,Mundra Solar Energy Limited,cell_manufactured_mw,14.21,2026-05-16T00:32:03
2023,1,Jan,6465a0b9-60b7-4edf-97f1-3cb3840b9a73,Mundra Solar Energy Limited,cell_sold_mw,0.0,2026-05-16T00:32:03
2023,2,Feb,6465a0b9-60b7-4edf-97f1-3cb3840b9a73,Mundra Solar Energy Limited,cell_sold_mw,0.0,2026-05-16T00:32:03
2023,3,Mar,6465a0b9-60b7-4edf-97f1-3cb3840b9a73,Mundra Solar Energy Limited,cell_sold_mw,0.0,2026-05-16T00:32:03
2023,4,Apr,6465a0b9-60b7-4edf-97f1-3cb3840b9a73,Mundra Solar Energy Limited,cell_sold_mw,0.0,2026-05-16T00:32:03
2023,5,May,6465a0b9-60b7-4edf-97f1-3cb3840b9a73,Mundra Solar Energy Limited,cell_sold_mw,0.0,2026-05-16T00:32:03
2023,6,Jun,6465a0b9-60b7-4edf-97f1-3cb3840b9a73,Mundra Solar Energy Limited,cell_sold_mw,0.0,2026-05-16T00:32:03
2023,7,Jul,6465a0b9-60b7-4edf-97f1-3cb3840b9a73,Mundra Solar Energy Limited,cell_sold_mw,0.0,2026-05-16T00:32:03
2023,8,Aug,6465a0b9-60b7-4edf-97f1-3cb3840b9a73,Mundra Solar Energy Limited,cell_sold_mw,0.0,2026-05-16T00:32:03
2023,9,Sep,6465a0b9-60b7-4edf-97f1-3cb3840b9a73,Mundra Solar Energy Limited,cell_sold_mw,0.0,2026-05-16T00:32:03
2023,10,Oct,6465a0b9-60b7-4edf-97f1-3cb3840b9a73,Mundra Solar Energy Limited,cell_sold_mw,0.0,2026-05-16T00:32:03
2023,11,Nov,6465a0b9-60b7-4edf-97f1-3cb3840b9a73,Mundra Solar Energy Limited,cell_sold_mw,0.0,2026-05-16T00:32:03
2023,12,Dec,6465a0b9-60b7-4edf-97f1-3cb3840b9a73,Mundra Solar Energy Limited,cell_sold_mw,0.0,2026-05-16T00:32:03
2023,1,Jan,ae181577-a115-475f-a06c-730423feba86,Premier Energies Photovoltaic Private Limited,cell_manufactured_mw,0.09,2026-05-16T00:32:03
2023,2,Feb,ae181577-a115-475f-a06c-730423feba86,Premier Energies Photovoltaic Private Limited,cell_manufactured_mw,0.02,2026-05-16T00:32:03
2023,3,Mar,ae181577-a115-475f-a06c-730423feba86,Premier Energies Photovoltaic Private Limited,cell_manufactured_mw,0.0,2026-05-16T00:32:03
2023,4,Apr,ae181577-a115-475f-a06c-730423feba86,Premier Energies Photovoltaic Private Limited,cell_manufactured_mw,0.0,2026-05-16T00:32:03
2023,5,May,ae181577-a115-475f-a06c-730423feba86,Premier Energies Photovoltaic Private Limited,cell_manufactured_mw,31.1,2026-05-16T00:32:03
2023,6,Jun,ae181577-a115-475f-a06c-730423feba86,Premier Energies Photovoltaic Private Limited,cell_manufactured_mw,14.96,2026-05-16T00:32:03
2023,7,Jul,ae181577-a115-475f-a06c-730423feba86,Premier Energies Photovoltaic Private Limited,cell_manufactured_mw,0.0,2026-05-16T00:32:03
2023,8,Aug,ae181577-a115-475f-a06c-730423feba86,Premier Energies Photovoltaic Private Limited,cell_manufactured_mw,0.0,2026-05-16T00:32:03
2023,9,Sep,ae181577-a115-475f-a06c-730423feba86,Premier Energies Photovoltaic Private Limited,cell_manufactured_mw,1.25,2026-05-16T00:32:03
2023,10,Oct,ae181577-a115-475f-a06c-730423feba86,Premier Energies Photovoltaic Private Limited,cell_manufactured_mw,11.05,2026-05-16T00:32:03
2023,11,Nov,ae181577-a115-475f-a06c-730423feba86,Premier Energies Photovoltaic Private Limited,cell_manufactured_mw,31.16,2026-05-16T00:32:03
2023,12,Dec,ae181577-a115-475f-a06c-730423feba86,Premier Energies Photovoltaic Private Limited,cell_manufactured_mw,21.49,2026-05-16T00:32:03
2023,1,Jan,ae181577-a115-475f-a06c-730423feba86,Premier Energies Photovoltaic Private Limited,cell_sold_mw,0.0,2026-05-16T00:32:03
2023,2,Feb,ae181577-a115-475f-a06c-730423feba86,Premier Energies Photovoltaic Private Limited,cell_sold_mw,0.0,2026-05-16T00:32:03
2023,3,Mar,ae181577-a115-475f-a06c-730423feba86,Premier Energies Photovoltaic Private Limited,cell_sold_mw,0.0,2026-05-16T00:32:03
2023,4,Apr,ae181577-a115-475f-a06c-730423feba86,Premier Energies Photovoltaic Private Limited,cell_sold_mw,0.0,2026-05-16T00:32:03
2023,5,May,ae181577-a115-475f-a06c-730423feba86,Premier Energies Photovoltaic Private Limited,cell_sold_mw,0.0,2026-05-16T00:32:03
2023,6,Jun,ae181577-a115-475f-a06c-730423feba86,Premier Energies Photovoltaic Private Limited,cell_sold_mw,0.0,2026-05-16T00:32:03
2023,7,Jul,ae181577-a115-475f-a06c-730423feba86,Premier Energies Photovoltaic Private Limited,cell_sold_mw,0.0,2026-05-16T00:32:03
2023,8,Aug,ae181577-a115-475f-a06c-730423feba86,Premier Energies Photovoltaic Private Limited,cell_sold_mw,0.0,2026-05-16T00:32:03
2023,9,Sep,ae181577-a115-475f-a06c-730423feba86,Premier Energies Photovoltaic Private Limited,cell_sold_mw,0.0,2026-05-16T00:32:03
2023,10,Oct,ae181577-a115-475f-a06c-730423feba86,Premier Energies Photovoltaic Private Limited,cell_sold_mw,0.0,2026-05-16T00:32:03
2023,11,Nov,ae181577-a115-475f-a06c-730423feba86,Premier Energies Photovoltaic Private Limited,cell_sold_mw,5.81,2026-05-16T00:32:03
2023,12,Dec,ae181577-a115-475f-a06c-730423feba86,Premier Energies Photovoltaic Private Limited,cell_sold_mw,25.99,2026-05-16T00:32:03
2023,1,Jan,e624e730-20a1-4a69-a03f-cc31ce053323,Mundra Solar PV Limited,cell_manufactured_mw,0.0,2026-05-16T00:32:03
2023,2,Feb,e624e730-20a1-4a69-a03f-cc31ce053323,Mundra Solar PV Limited,cell_manufactured_mw,0.0,2026-05-16T00:32:03
2023,3,Mar,e624e730-20a1-4a69-a03f-cc31ce053323,Mundra Solar PV Limited,cell_manufactured_mw,0.0,2026-05-16T00:32:03
2023,4,Apr,e624e730-20a1-4a69-a03f-cc31ce053323,Mundra Solar PV Limited,cell_manufactured_mw,0.0,2026-05-16T00:32:03
2023,5,May,e624e730-20a1-4a69-a03f-cc31ce053323,Mundra Solar PV Limited,cell_manufactured_mw,0.0,2026-05-16T00:32:03
2023,6,Jun,e624e730-20a1-4a69-a03f-cc31ce053323,Mundra Solar PV Limited,cell_manufactured_mw,0.0,2026-05-16T00:32:03
2023,7,Jul,e624e730-20a1-4a69-a03f-cc31ce053323,Mundra Solar PV Limited,cell_manufactured_mw,0.0,2026-05-16T00:32:03
2023,8,Aug,e624e730-20a1-4a69-a03f-cc31ce053323,Mundra Solar PV Limited,cell_manufactured_mw,0.0,2026-05-16T00:32:03
2023,9,Sep,e624e730-20a1-4a69-a03f-cc31ce053323,Mundra Solar PV Limited,cell_manufactured_mw,0.0,2026-05-16T00:32:03
2023,10,Oct,e624e730-20a1-4a69-a03f-cc31ce053323,Mundra Solar PV Limited,cell_manufactured_mw,0.45,2026-05-16T00:32:03
2023,11,Nov,e624e730-20a1-4a69-a03f-cc31ce053323,Mundra Solar PV Limited,cell_manufactured_mw,9.14,2026-05-16T00:32:03
2023,12,Dec,e624e730-20a1-4a69-a03f-cc31ce053323,Mundra Solar PV Limited,cell_manufactured_mw,25.84,2026-05-16T00:32:03
2023,1,Jan,e624e730-20a1-4a69-a03f-cc31ce053323,Mundra Solar PV Limited,cell_sold_mw,0.0,2026-05-16T00:32:03
2023,2,Feb,e624e730-20a1-4a69-a03f-cc31ce053323,Mundra Solar PV Limited,cell_sold_mw,0.0,2026-05-16T00:32:03
2023,3,Mar,e624e730-20a1-4a69-a03f-cc31ce053323,Mundra Solar PV Limited,cell_sold_mw,0.0,2026-05-16T00:32:03
2023,4,Apr,e624e730-20a1-4a69-a03f-cc31ce053323,Mundra Solar PV Limited,cell_sold_mw,0.0,2026-05-16T00:32:03
2023,5,May,e624e730-20a1-4a69-a03f-cc31ce053323,Mundra Solar PV Limited,cell_sold_mw,0.0,2026-05-16T00:32:03
2023,6,Jun,e624e730-20a1-4a69-a03f-cc31ce053323,Mundra Solar PV Limited,cell_sold_mw,0.0,2026-05-16T00:32:03
2023,7,Jul,e624e730-20a1-4a69-a03f-cc31ce053323,Mundra Solar PV Limited,cell_sold_mw,0.0,2026-05-16T00:32:03
2023,8,Aug,e624e730-20a1-4a69-a03f-cc31ce053323,Mundra Solar PV Limited,cell_sold_mw,0.0,2026-05-16T00:32:03
2023,9,Sep,e624e730-20a1-4a69-a03f-cc31ce053323,Mundra Solar PV Limited,cell_sold_mw,0.0,2026-05-16T00:32:03
2023,10,Oct,e624e730-20a1-4a69-a03f-cc31ce053323,Mundra Solar PV Limited,cell_sold_mw,0.0,2026-05-16T00:32:03
2023,11,Nov,e624e730-20a1-4a69-a03f-cc31ce053323,Mundra Solar PV Limited,cell_sold_mw,0.0,2026-05-16T00:32:03
2023,12,Dec,e624e730-20a1-4a69-a03f-cc31ce053323,Mundra Solar PV Limited,cell_sold_mw,0.0,2026-05-16T00:32:03
2023,1,Jan,24cb65eb-f553-4fe4-853e-dfee1df94d49,Renewsys India Private Limited,cell_manufactured_mw,0.0,2026-05-16T00:32:03
2023,2,Feb,24cb65eb-f553-4fe4-853e-dfee1df94d49,Renewsys India Private Limited,cell_manufactured_mw,0.0,2026-05-16T00:32:03
2023,3,Mar,24cb65eb-f553-4fe4-853e-dfee1df94d49,Renewsys India Private Limited,cell_manufactured_mw,0.0,2026-05-16T00:32:03
2023,4,Apr,24cb65eb-f553-4fe4-853e-dfee1df94d49,Renewsys India Private Limited,cell_manufactured_mw,0.0,2026-05-16T00:32:03
2023,5,May,24cb65eb-f553-4fe4-853e-dfee1df94d49,Renewsys India Private Limited,cell_manufactured_mw,0.0,2026-05-16T00:32:03
2023,6,Jun,24cb65eb-f553-4fe4-853e-dfee1df94d49,Renewsys India Private Limited,cell_manufactured_mw,0.1,2026-05-16T00:32:03
2023,7,Jul,24cb65eb-f553-4fe4-853e-dfee1df94d49,Renewsys India Private Limited,cell_manufactured_mw,0.08,2026-05-16T00:32:03
2023,8,Aug,24cb65eb-f553-4fe4-853e-dfee1df94d49,Renewsys India Private Limited,cell_manufactured_mw,0.0,2026-05-16T00:32:03
2023,9,Sep,24cb65eb-f553-4fe4-853e-dfee1df94d49,Renewsys India Private Limited,cell_manufactured_mw,0.57,2026-05-16T00:32:03
2023,10,Oct,24cb65eb-f553-4fe4-853e-dfee1df94d49,Renewsys India Private Limited,cell_manufactured_mw,0.0,2026-05-16T00:32:03
2023,11,Nov,24cb65eb-f553-4fe4-853e-dfee1df94d49,Renewsys India Private Limited,cell_manufactured_mw,0.07,2026-05-16T00:32:03
2023,12,Dec,24cb65eb-f553-4fe4-853e-dfee1df94d49,Renewsys India Private Limited,cell_manufactured_mw,0.0,2026-05-16T00:32:03
2023,1,Jan,24cb65eb-f553-4fe4-853e-dfee1df94d49,Renewsys India Private Limited,cell_sold_mw,0.0,2026-05-16T00:32:03
2023,2,Feb,24cb65eb-f553-4fe4-853e-dfee1df94d49,Renewsys India Private Limited,cell_sold_mw,0.0,2026-05-16T00:32:03
2023,3,Mar,24cb65eb-f553-4fe4-853e-dfee1df94d49,Renewsys India Private Limited,cell_sold_mw,0.0,2026-05-16T00:32:03
2023,4,Apr,24cb65eb-f553-4fe4-853e-dfee1df94d49,Renewsys India Private Limited,cell_sold_mw,0.0,2026-05-16T00:32:03
2023,5,May,24cb65eb-f553-4fe4-853e-dfee1df94d49,Renewsys India Private Limited,cell_sold_mw,0.0,2026-05-16T00:32:03
2023,6,Jun,24cb65eb-f553-4fe4-853e-dfee1df94d49,Renewsys India Private Limited,cell_sold_mw,0.0,2026-05-16T00:32:03
2023,7,Jul,24cb65eb-f553-4fe4-853e-dfee1df94d49,Renewsys India Private Limited,cell_sold_mw,0.0,2026-05-16T00:32:03
2023,8,Aug,24cb65eb-f553-4fe4-853e-dfee1df94d49,Renewsys India Private Limited,cell_sold_mw,0.0,2026-05-16T00:32:03
2023,9,Sep,24cb65eb-f553-4fe4-853e-dfee1df94d49,Renewsys India Private Limited,cell_sold_mw,0.0,2026-05-16T00:32:03
2023,10,Oct,24cb65eb-f553-4fe4-853e-dfee1df94d49,Renewsys India Private Limited,cell_sold_mw,0.0,2026-05-16T00:32:03
2023,11,Nov,24cb65eb-f553-4fe4-853e-dfee1df94d49,Renewsys India Private Limited,cell_sold_mw,0.0,2026-05-16T00:32:03
2023,12,Dec,24cb65eb-f553-4fe4-853e-dfee1df94d49,Renewsys India Private Limited,cell_sold_mw,0.54,2026-05-16T00:32:03
2023,1,Jan,a3a30153-8923-4936-a88b-0b22460e71a8,Premier Energies International Private Limited,cell_manufactured_mw,0.0,2026-05-16T00:32:03
2023,2,Feb,a3a30153-8923-4936-a88b-0b22460e71a8,Premier Energies International Private Limited,cell_manufactured_mw,0.0,2026-05-16T00:32:03
2023,3,Mar,a3a30153-8923-4936-a88b-0b22460e71a8,Premier Energies International Private Limited,cell_manufactured_mw,0.0,2026-05-16T00:32:03
2023,4,Apr,a3a30153-8923-4936-a88b-0b22460e71a8,Premier Energies International Private Limited,cell_manufactured_mw,0.0,2026-05-16T00:32:03
2023,5,May,a3a30153-8923-4936-a88b-0b22460e71a8,Premier Energies International Private Limited,cell_manufactured_mw,0.0,2026-05-16T00:32:03
2023,6,Jun,a3a30153-8923-4936-a88b-0b22460e71a8,Premier Energies International Private Limited,cell_manufactured_mw,0.0,2026-05-16T00:32:03
2023,7,Jul,a3a30153-8923-4936-a88b-0b22460e71a8,Premier Energies International Private Limited,cell_manufactured_mw,0.0,2026-05-16T00:32:03
2023,8,Aug,a3a30153-8923-4936-a88b-0b22460e71a8,Premier Energies International Private Limited,cell_manufactured_mw,0.0,2026-05-16T00:32:03
2023,9,Sep,a3a30153-8923-4936-a88b-0b22460e71a8,Premier Energies International Private Limited,cell_manufactured_mw,0.0,2026-05-16T00:32:03
2023,10,Oct,a3a30153-8923-4936-a88b-0b22460e71a8,Premier Energies International Private Limited,cell_manufactured_mw,0.0,2026-05-16T00:32:03
2023,11,Nov,a3a30153-8923-4936-a88b-0b22460e71a8,Premier Energies International Private Limited,cell_manufactured_mw,0.0,2026-05-16T00:32:03
2023,12,Dec,a3a30153-8923-4936-a88b-0b22460e71a8,Premier Energies International Private Limited,cell_manufactured_mw,0.6,2026-05-16T00:32:03
2023,1,Jan,a3a30153-8923-4936-a88b-0b22460e71a8,Premier Energies International Private Limited,cell_sold_mw,0.0,2026-05-16T00:32:03
2023,2,Feb,a3a30153-8923-4936-a88b-0b22460e71a8,Premier Energies International Private Limited,cell_sold_mw,0.0,2026-05-16T00:32:03
2023,3,Mar,a3a30153-8923-4936-a88b-0b22460e71a8,Premier Energies International Private Limited,cell_sold_mw,0.0,2026-05-16T00:32:03
2023,4,Apr,a3a30153-8923-4936-a88b-0b22460e71a8,Premier Energies International Private Limited,cell_sold_mw,0.0,2026-05-16T00:32:03
2023,5,May,a3a30153-8923-4936-a88b-0b22460e71a8,Premier Energies International Private Limited,cell_sold_mw,0.0,2026-05-16T00:32:03
2023,6,Jun,a3a30153-8923-4936-a88b-0b22460e71a8,Premier Energies International Private Limited,cell_sold_mw,0.0,2026-05-16T00:32:03
2023,7,Jul,a3a30153-8923-4936-a88b-0b22460e71a8,Premier Energies International Private Limited,cell_sold_mw,0.0,2026-05-16T00:32:03
2023,8,Aug,a3a30153-8923-4936-a88b-0b22460e71a8,Premier Energies International Private Limited,cell_sold_mw,0.0,2026-05-16T00:32:03
2023,9,Sep,a3a30153-8923-4936-a88b-0b22460e71a8,Premier Energies International Private Limited,cell_sold_mw,0.0,2026-05-16T00:32:03
2023,10,Oct,a3a30153-8923-4936-a88b-0b22460e71a8,Premier Energies International Private Limited,cell_sold_mw,0.0,2026-05-16T00:32:03
2023,11,Nov,a3a30153-8923-4936-a88b-0b22460e71a8,Premier Energies International Private Limited,cell_sold_mw,0.0,2026-05-16T00:32:03
2023,12,Dec,a3a30153-8923-4936-a88b-0b22460e71a8,Premier Energies International Private Limited,cell_sold_mw,0.0,2026-05-16T00:32:03
2024,1,Jan,,All Manufacturers,cell_manufactured_mw,412.82,2026-05-16T00:32:03
2024,2,Feb,,All Manufacturers,cell_manufactured_mw,380.78,2026-05-16T00:32:03
2024,3,Mar,,All Manufacturers,cell_manufactured_mw,438.7,2026-05-16T00:32:03
2024,4,Apr,,All Manufacturers,cell_manufactured_mw,519.26,2026-05-16T00:32:03
2024,5,May,,All Manufacturers,cell_manufactured_mw,506.83,2026-05-16T00:32:03
2024,6,Jun,,All Manufacturers,cell_manufactured_mw,491.38,2026-05-16T00:32:03
2024,7,Jul,,All Manufacturers,cell_manufactured_mw,488.83,2026-05-16T00:32:03
2024,8,Aug,,All Manufacturers,cell_manufactured_mw,490.88,2026-05-16T00:32:03
2024,9,Sep,,All Manufacturers,cell_manufactured_mw,1172.61,2026-05-16T00:32:03
2024,10,Oct,,All Manufacturers,cell_manufactured_mw,816.14,2026-05-16T00:32:03
2024,11,Nov,,All Manufacturers,cell_manufactured_mw,936.52,2026-05-16T00:32:03
2024,12,Dec,,All Manufacturers,cell_manufactured_mw,1279.9,2026-05-16T00:32:03
2024,1,Jan,,All Manufacturers,cell_sold_mw,105.26,2026-05-16T00:32:03
2024,2,Feb,,All Manufacturers,cell_sold_mw,94.12,2026-05-16T00:32:03
2024,3,Mar,,All Manufacturers,cell_sold_mw,196.26,2026-05-16T00:32:03
2024,4,Apr,,All Manufacturers,cell_sold_mw,223.75,2026-05-16T00:32:03
2024,5,May,,All Manufacturers,cell_sold_mw,348.23,2026-05-16T00:32:03
2024,6,Jun,,All Manufacturers,cell_sold_mw,286.24,2026-05-16T00:32:03
2024,7,Jul,,All Manufacturers,cell_sold_mw,263.99,2026-05-16T00:32:03
2024,8,Aug,,All Manufacturers,cell_sold_mw,223.98,2026-05-16T00:32:03
2024,9,Sep,,All Manufacturers,cell_sold_mw,236.81,2026-05-16T00:32:03
2024,10,Oct,,All Manufacturers,cell_sold_mw,199.62,2026-05-16T00:32:03
2024,11,Nov,,All Manufacturers,cell_sold_mw,212.72,2026-05-16T00:32:03
2024,12,Dec,,All Manufacturers,cell_sold_mw,275.91,2026-05-16T00:32:03
2024,1,Jan,9506d465-8696-4dd1-9546-9641849c6135,FS India Solar Ventures Private Limited,cell_manufactured_mw,152.86,2026-05-16T00:32:03
2024,2,Feb,9506d465-8696-4dd1-9546-9641849c6135,FS India Solar Ventures Private Limited,cell_manufactured_mw,137.12,2026-05-16T00:32:03
2024,3,Mar,9506d465-8696-4dd1-9546-9641849c6135,FS India Solar Ventures Private Limited,cell_manufactured_mw,22.67,2026-05-16T00:32:03
2024,4,Apr,9506d465-8696-4dd1-9546-9641849c6135,FS India Solar Ventures Private Limited,cell_manufactured_mw,0.0,2026-05-16T00:32:03
2024,5,May,9506d465-8696-4dd1-9546-9641849c6135,FS India Solar Ventures Private Limited,cell_manufactured_mw,0.01,2026-05-16T00:32:03
2024,6,Jun,9506d465-8696-4dd1-9546-9641849c6135,FS India Solar Ventures Private Limited,cell_manufactured_mw,0.03,2026-05-16T00:32:03
2024,7,Jul,9506d465-8696-4dd1-9546-9641849c6135,FS India Solar Ventures Private Limited,cell_manufactured_mw,0.0,2026-05-16T00:32:03
2024,8,Aug,9506d465-8696-4dd1-9546-9641849c6135,FS India Solar Ventures Private Limited,cell_manufactured_mw,84.52,2026-05-16T00:32:03
2024,9,Sep,9506d465-8696-4dd1-9546-9641849c6135,FS India Solar Ventures Private Limited,cell_manufactured_mw,805.21,2026-05-16T00:32:03
2024,10,Oct,9506d465-8696-4dd1-9546-9641849c6135,FS India Solar Ventures Private Limited,cell_manufactured_mw,222.15,2026-05-16T00:32:03
2024,11,Nov,9506d465-8696-4dd1-9546-9641849c6135,FS India Solar Ventures Private Limited,cell_manufactured_mw,232.46,2026-05-16T00:32:03
2024,12,Dec,9506d465-8696-4dd1-9546-9641849c6135,FS India Solar Ventures Private Limited,cell_manufactured_mw,237.06,2026-05-16T00:32:03
2024,1,Jan,9506d465-8696-4dd1-9546-9641849c6135,FS India Solar Ventures Private Limited,cell_sold_mw,0.0,2026-05-16T00:32:03
2024,2,Feb,9506d465-8696-4dd1-9546-9641849c6135,FS India Solar Ventures Private Limited,cell_sold_mw,0.0,2026-05-16T00:32:03
2024,3,Mar,9506d465-8696-4dd1-9546-9641849c6135,FS India Solar Ventures Private Limited,cell_sold_mw,0.0,2026-05-16T00:32:03
2024,4,Apr,9506d465-8696-4dd1-9546-9641849c6135,FS India Solar Ventures Private Limited,cell_sold_mw,0.0,2026-05-16T00:32:03
2024,5,May,9506d465-8696-4dd1-9546-9641849c6135,FS India Solar Ventures Private Limited,cell_sold_mw,0.0,2026-05-16T00:32:03
2024,6,Jun,9506d465-8696-4dd1-9546-9641849c6135,FS India Solar Ventures Private Limited,cell_sold_mw,0.0,2026-05-16T00:32:03
2024,7,Jul,9506d465-8696-4dd1-9546-9641849c6135,FS India Solar Ventures Private Limited,cell_sold_mw,0.0,2026-05-16T00:32:03
2024,8,Aug,9506d465-8696-4dd1-9546-9641849c6135,FS India Solar Ventures Private Limited,cell_sold_mw,0.0,2026-05-16T00:32:03
2024,9,Sep,9506d465-8696-4dd1-9546-9641849c6135,FS India Solar Ventures Private Limited,cell_sold_mw,0.0,2026-05-16T00:32:03
2024,10,Oct,9506d465-8696-4dd1-9546-9641849c6135,FS India Solar Ventures Private Limited,cell_sold_mw,0.0,2026-05-16T00:32:03
2024,11,Nov,9506d465-8696-4dd1-9546-9641849c6135,FS India Solar Ventures Private Limited,cell_sold_mw,0.0,2026-05-16T00:32:03
2024,12,Dec,9506d465-8696-4dd1-9546-9641849c6135,FS India Solar Ventures Private Limited,cell_sold_mw,0.0,2026-05-16T00:32:03
2024,1,Jan,6465a0b9-60b7-4edf-97f1-3cb3840b9a73,Mundra Solar Energy Limited,cell_manufactured_mw,31.45,2026-05-16T00:32:03
2024,2,Feb,6465a0b9-60b7-4edf-97f1-3cb3840b9a73,Mundra Solar Energy Limited,cell_manufactured_mw,34.91,2026-05-16T00:32:03
2024,3,Mar,6465a0b9-60b7-4edf-97f1-3cb3840b9a73,Mundra Solar Energy Limited,cell_manufactured_mw,105.97,2026-05-16T00:32:03
2024,4,Apr,6465a0b9-60b7-4edf-97f1-3cb3840b9a73,Mundra Solar Energy Limited,cell_manufactured_mw,124.53,2026-05-16T00:32:03
2024,5,May,6465a0b9-60b7-4edf-97f1-3cb3840b9a73,Mundra Solar Energy Limited,cell_manufactured_mw,125.5,2026-05-16T00:32:03
2024,6,Jun,6465a0b9-60b7-4edf-97f1-3cb3840b9a73,Mundra Solar Energy Limited,cell_manufactured_mw,145.78,2026-05-16T00:32:03
2024,7,Jul,6465a0b9-60b7-4edf-97f1-3cb3840b9a73,Mundra Solar Energy Limited,cell_manufactured_mw,136.41,2026-05-16T00:32:03
2024,8,Aug,6465a0b9-60b7-4edf-97f1-3cb3840b9a73,Mundra Solar Energy Limited,cell_manufactured_mw,55.95,2026-05-16T00:32:03
2024,9,Sep,6465a0b9-60b7-4edf-97f1-3cb3840b9a73,Mundra Solar Energy Limited,cell_manufactured_mw,89.9,2026-05-16T00:32:03
2024,10,Oct,6465a0b9-60b7-4edf-97f1-3cb3840b9a73,Mundra Solar Energy Limited,cell_manufactured_mw,134.85,2026-05-16T00:32:03
2024,11,Nov,6465a0b9-60b7-4edf-97f1-3cb3840b9a73,Mundra Solar Energy Limited,cell_manufactured_mw,150.58,2026-05-16T00:32:03
2024,12,Dec,6465a0b9-60b7-4edf-97f1-3cb3840b9a73,Mundra Solar Energy Limited,cell_manufactured_mw,167.64,2026-05-16T00:32:03
2024,1,Jan,6465a0b9-60b7-4edf-97f1-3cb3840b9a73,Mundra Solar Energy Limited,cell_sold_mw,17.75,2026-05-16T00:32:03
2024,2,Feb,6465a0b9-60b7-4edf-97f1-3cb3840b9a73,Mundra Solar Energy Limited,cell_sold_mw,15.22,2026-05-16T00:32:03
2024,3,Mar,6465a0b9-60b7-4edf-97f1-3cb3840b9a73,Mundra Solar Energy Limited,cell_sold_mw,15.99,2026-05-16T00:32:03
2024,4,Apr,6465a0b9-60b7-4edf-97f1-3cb3840b9a73,Mundra Solar Energy Limited,cell_sold_mw,13.62,2026-05-16T00:32:03
2024,5,May,6465a0b9-60b7-4edf-97f1-3cb3840b9a73,Mundra Solar Energy Limited,cell_sold_mw,3.13,2026-05-16T00:32:03
2024,6,Jun,6465a0b9-60b7-4edf-97f1-3cb3840b9a73,Mundra Solar Energy Limited,cell_sold_mw,2.9,2026-05-16T00:32:03
2024,7,Jul,6465a0b9-60b7-4edf-97f1-3cb3840b9a73,Mundra Solar Energy Limited,cell_sold_mw,11.81,2026-05-16T00:32:03
2024,8,Aug,6465a0b9-60b7-4edf-97f1-3cb3840b9a73,Mundra Solar Energy Limited,cell_sold_mw,8.34,2026-05-16T00:32:03
2024,9,Sep,6465a0b9-60b7-4edf-97f1-3cb3840b9a73,Mundra Solar Energy Limited,cell_sold_mw,18.12,2026-05-16T00:32:03
2024,10,Oct,6465a0b9-60b7-4edf-97f1-3cb3840b9a73,Mundra Solar Energy Limited,cell_sold_mw,16.26,2026-05-16T00:32:03
2024,11,Nov,6465a0b9-60b7-4edf-97f1-3cb3840b9a73,Mundra Solar Energy Limited,cell_sold_mw,12.24,2026-05-16T00:32:03
2024,12,Dec,6465a0b9-60b7-4edf-97f1-3cb3840b9a73,Mundra Solar Energy Limited,cell_sold_mw,4.73,2026-05-16T00:32:03
2024,1,Jan,ae181577-a115-475f-a06c-730423feba86,Premier Energies Photovoltaic Private Limited,cell_manufactured_mw,37.74,2026-05-16T00:32:03
2024,2,Feb,ae181577-a115-475f-a06c-730423feba86,Premier Energies Photovoltaic Private Limited,cell_manufactured_mw,68.24,2026-05-16T00:32:03
2024,3,Mar,ae181577-a115-475f-a06c-730423feba86,Premier Energies Photovoltaic Private Limited,cell_manufactured_mw,59.59,2026-05-16T00:32:03
2024,4,Apr,ae181577-a115-475f-a06c-730423feba86,Premier Energies Photovoltaic Private Limited,cell_manufactured_mw,114.57,2026-05-16T00:32:03
2024,5,May,ae181577-a115-475f-a06c-730423feba86,Premier Energies Photovoltaic Private Limited,cell_manufactured_mw,121.34,2026-05-16T00:32:03
2024,6,Jun,ae181577-a115-475f-a06c-730423feba86,Premier Energies Photovoltaic Private Limited,cell_manufactured_mw,94.55,2026-05-16T00:32:03
2024,7,Jul,ae181577-a115-475f-a06c-730423feba86,Premier Energies Photovoltaic Private Limited,cell_manufactured_mw,155.63,2026-05-16T00:32:03
2024,8,Aug,ae181577-a115-475f-a06c-730423feba86,Premier Energies Photovoltaic Private Limited,cell_manufactured_mw,82.04,2026-05-16T00:32:03
2024,9,Sep,ae181577-a115-475f-a06c-730423feba86,Premier Energies Photovoltaic Private Limited,cell_manufactured_mw,65.5,2026-05-16T00:32:03
2024,10,Oct,ae181577-a115-475f-a06c-730423feba86,Premier Energies Photovoltaic Private Limited,cell_manufactured_mw,116.81,2026-05-16T00:32:03
2024,11,Nov,ae181577-a115-475f-a06c-730423feba86,Premier Energies Photovoltaic Private Limited,cell_manufactured_mw,81.29,2026-05-16T00:32:03
2024,12,Dec,ae181577-a115-475f-a06c-730423feba86,Premier Energies Photovoltaic Private Limited,cell_manufactured_mw,113.73,2026-05-16T00:32:03
2024,1,Jan,ae181577-a115-475f-a06c-730423feba86,Premier Energies Photovoltaic Private Limited,cell_sold_mw,17.28,2026-05-16T00:32:03
2024,2,Feb,ae181577-a115-475f-a06c-730423feba86,Premier Energies Photovoltaic Private Limited,cell_sold_mw,11.77,2026-05-16T00:32:03
2024,3,Mar,ae181577-a115-475f-a06c-730423feba86,Premier Energies Photovoltaic Private Limited,cell_sold_mw,18.63,2026-05-16T00:32:03
2024,4,Apr,ae181577-a115-475f-a06c-730423feba86,Premier Energies Photovoltaic Private Limited,cell_sold_mw,57.93,2026-05-16T00:32:03
2024,5,May,ae181577-a115-475f-a06c-730423feba86,Premier Energies Photovoltaic Private Limited,cell_sold_mw,78.83,2026-05-16T00:32:03
2024,6,Jun,ae181577-a115-475f-a06c-730423feba86,Premier Energies Photovoltaic Private Limited,cell_sold_mw,62.9,2026-05-16T00:32:03
2024,7,Jul,ae181577-a115-475f-a06c-730423feba86,Premier Energies Photovoltaic Private Limited,cell_sold_mw,79.44,2026-05-16T00:32:03
2024,8,Aug,ae181577-a115-475f-a06c-730423feba86,Premier Energies Photovoltaic Private Limited,cell_sold_mw,47.62,2026-05-16T00:32:03
2024,9,Sep,ae181577-a115-475f-a06c-730423feba86,Premier Energies Photovoltaic Private Limited,cell_sold_mw,45.2,2026-05-16T00:32:03
2024,10,Oct,ae181577-a115-475f-a06c-730423feba86,Premier Energies Photovoltaic Private Limited,cell_sold_mw,53.51,2026-05-16T00:32:03
2024,11,Nov,ae181577-a115-475f-a06c-730423feba86,Premier Energies Photovoltaic Private Limited,cell_sold_mw,40.05,2026-05-16T00:32:03
2024,12,Dec,ae181577-a115-475f-a06c-730423feba86,Premier Energies Photovoltaic Private Limited,cell_sold_mw,61.88,2026-05-16T00:32:03
2024,1,Jan,e624e730-20a1-4a69-a03f-cc31ce053323,Mundra Solar PV Limited,cell_manufactured_mw,40.87,2026-05-16T00:32:03
2024,2,Feb,e624e730-20a1-4a69-a03f-cc31ce053323,Mundra Solar PV Limited,cell_manufactured_mw,56.59,2026-05-16T00:32:03
2024,3,Mar,e624e730-20a1-4a69-a03f-cc31ce053323,Mundra Solar PV Limited,cell_manufactured_mw,64.4,2026-05-16T00:32:03
2024,4,Apr,e624e730-20a1-4a69-a03f-cc31ce053323,Mundra Solar PV Limited,cell_manufactured_mw,78.32,2026-05-16T00:32:03
2024,5,May,e624e730-20a1-4a69-a03f-cc31ce053323,Mundra Solar PV Limited,cell_manufactured_mw,70.71,2026-05-16T00:32:03
2024,6,Jun,e624e730-20a1-4a69-a03f-cc31ce053323,Mundra Solar PV Limited,cell_manufactured_mw,63.85,2026-05-16T00:32:03
2024,7,Jul,e624e730-20a1-4a69-a03f-cc31ce053323,Mundra Solar PV Limited,cell_manufactured_mw,51.05,2026-05-16T00:32:03
2024,8,Aug,e624e730-20a1-4a69-a03f-cc31ce053323,Mundra Solar PV Limited,cell_manufactured_mw,114.41,2026-05-16T00:32:03
2024,9,Sep,e624e730-20a1-4a69-a03f-cc31ce053323,Mundra Solar PV Limited,cell_manufactured_mw,88.59,2026-05-16T00:32:03
2024,10,Oct,e624e730-20a1-4a69-a03f-cc31ce053323,Mundra Solar PV Limited,cell_manufactured_mw,125.38,2026-05-16T00:32:03
2024,11,Nov,e624e730-20a1-4a69-a03f-cc31ce053323,Mundra Solar PV Limited,cell_manufactured_mw,64.75,2026-05-16T00:32:03
2024,12,Dec,e624e730-20a1-4a69-a03f-cc31ce053323,Mundra Solar PV Limited,cell_manufactured_mw,172.52,2026-05-16T00:32:03
2024,1,Jan,e624e730-20a1-4a69-a03f-cc31ce053323,Mundra Solar PV Limited,cell_sold_mw,0.0,2026-05-16T00:32:03
2024,2,Feb,e624e730-20a1-4a69-a03f-cc31ce053323,Mundra Solar PV Limited,cell_sold_mw,0.05,2026-05-16T00:32:03
2024,3,Mar,e624e730-20a1-4a69-a03f-cc31ce053323,Mundra Solar PV Limited,cell_sold_mw,0.01,2026-05-16T00:32:03
2024,4,Apr,e624e730-20a1-4a69-a03f-cc31ce053323,Mundra Solar PV Limited,cell_sold_mw,2.06,2026-05-16T00:32:03
2024,5,May,e624e730-20a1-4a69-a03f-cc31ce053323,Mundra Solar PV Limited,cell_sold_mw,4.1,2026-05-16T00:32:03
2024,6,Jun,e624e730-20a1-4a69-a03f-cc31ce053323,Mundra Solar PV Limited,cell_sold_mw,2.13,2026-05-16T00:32:03
2024,7,Jul,e624e730-20a1-4a69-a03f-cc31ce053323,Mundra Solar PV Limited,cell_sold_mw,5.74,2026-05-16T00:32:03
2024,8,Aug,e624e730-20a1-4a69-a03f-cc31ce053323,Mundra Solar PV Limited,cell_sold_mw,9.47,2026-05-16T00:32:03
2024,9,Sep,e624e730-20a1-4a69-a03f-cc31ce053323,Mundra Solar PV Limited,cell_sold_mw,14.0,2026-05-16T00:32:03
2024,10,Oct,e624e730-20a1-4a69-a03f-cc31ce053323,Mundra Solar PV Limited,cell_sold_mw,18.65,2026-05-16T00:32:03
2024,11,Nov,e624e730-20a1-4a69-a03f-cc31ce053323,Mundra Solar PV Limited,cell_sold_mw,7.17,2026-05-16T00:32:03
2024,12,Dec,e624e730-20a1-4a69-a03f-cc31ce053323,Mundra Solar PV Limited,cell_sold_mw,21.73,2026-05-16T00:32:03
2024,1,Jan,a3a30153-8923-4936-a88b-0b22460e71a8,Premier Energies International Private Limited,cell_manufactured_mw,26.56,2026-05-16T00:32:03
2024,2,Feb,a3a30153-8923-4936-a88b-0b22460e71a8,Premier Energies International Private Limited,cell_manufactured_mw,35.38,2026-05-16T00:32:03
2024,3,Mar,a3a30153-8923-4936-a88b-0b22460e71a8,Premier Energies International Private Limited,cell_manufactured_mw,96.69,2026-05-16T00:32:03
2024,4,Apr,a3a30153-8923-4936-a88b-0b22460e71a8,Premier Energies International Private Limited,cell_manufactured_mw,94.29,2026-05-16T00:32:03
2024,5,May,a3a30153-8923-4936-a88b-0b22460e71a8,Premier Energies International Private Limited,cell_manufactured_mw,91.69,2026-05-16T00:32:03
2024,6,Jun,a3a30153-8923-4936-a88b-0b22460e71a8,Premier Energies International Private Limited,cell_manufactured_mw,93.97,2026-05-16T00:32:03
2024,7,Jul,a3a30153-8923-4936-a88b-0b22460e71a8,Premier Energies International Private Limited,cell_manufactured_mw,55.51,2026-05-16T00:32:03
2024,8,Aug,a3a30153-8923-4936-a88b-0b22460e71a8,Premier Energies International Private Limited,cell_manufactured_mw,57.15,2026-05-16T00:32:03
2024,9,Sep,a3a30153-8923-4936-a88b-0b22460e71a8,Premier Energies International Private Limited,cell_manufactured_mw,42.4,2026-05-16T00:32:03
2024,10,Oct,a3a30153-8923-4936-a88b-0b22460e71a8,Premier Energies International Private Limited,cell_manufactured_mw,28.65,2026-05-16T00:32:03
2024,11,Nov,a3a30153-8923-4936-a88b-0b22460e71a8,Premier Energies International Private Limited,cell_manufactured_mw,45.64,2026-05-16T00:32:03
2024,12,Dec,a3a30153-8923-4936-a88b-0b22460e71a8,Premier Energies International Private Limited,cell_manufactured_mw,97.86,2026-05-16T00:32:03
2024,1,Jan,a3a30153-8923-4936-a88b-0b22460e71a8,Premier Energies International Private Limited,cell_sold_mw,17.51,2026-05-16T00:32:03
2024,2,Feb,a3a30153-8923-4936-a88b-0b22460e71a8,Premier Energies International Private Limited,cell_sold_mw,22.94,2026-05-16T00:32:03
2024,3,Mar,a3a30153-8923-4936-a88b-0b22460e71a8,Premier Energies International Private Limited,cell_sold_mw,60.38,2026-05-16T00:32:03
2024,4,Apr,a3a30153-8923-4936-a88b-0b22460e71a8,Premier Energies International Private Limited,cell_sold_mw,62.78,2026-05-16T00:32:03
2024,5,May,a3a30153-8923-4936-a88b-0b22460e71a8,Premier Energies International Private Limited,cell_sold_mw,118.35,2026-05-16T00:32:03
2024,6,Jun,a3a30153-8923-4936-a88b-0b22460e71a8,Premier Energies International Private Limited,cell_sold_mw,116.65,2026-05-16T00:32:03
2024,7,Jul,a3a30153-8923-4936-a88b-0b22460e71a8,Premier Energies International Private Limited,cell_sold_mw,63.63,2026-05-16T00:32:03
2024,8,Aug,a3a30153-8923-4936-a88b-0b22460e71a8,Premier Energies International Private Limited,cell_sold_mw,56.9,2026-05-16T00:32:03
2024,9,Sep,a3a30153-8923-4936-a88b-0b22460e71a8,Premier Energies International Private Limited,cell_sold_mw,57.53,2026-05-16T00:32:03
2024,10,Oct,a3a30153-8923-4936-a88b-0b22460e71a8,Premier Energies International Private Limited,cell_sold_mw,35.42,2026-05-16T00:32:03
2024,11,Nov,a3a30153-8923-4936-a88b-0b22460e71a8,Premier Energies International Private Limited,cell_sold_mw,44.09,2026-05-16T00:32:03
2024,12,Dec,a3a30153-8923-4936-a88b-0b22460e71a8,Premier Energies International Private Limited,cell_sold_mw,68.05,2026-05-16T00:32:03
2024,1,Jan,9d98d3e6-0379-4589-ba0e-d704fdcdb57f,Jupiter International Limited,cell_manufactured_mw,40.1,2026-05-16T00:32:03
2024,2,Feb,9d98d3e6-0379-4589-ba0e-d704fdcdb57f,Jupiter International Limited,cell_manufactured_mw,44.49,2026-05-16T00:32:03
2024,3,Mar,9d98d3e6-0379-4589-ba0e-d704fdcdb57f,Jupiter International Limited,cell_manufactured_mw,49.11,2026-05-16T00:32:03
2024,4,Apr,9d98d3e6-0379-4589-ba0e-d704fdcdb57f,Jupiter International Limited,cell_manufactured_mw,46.42,2026-05-16T00:32:03
2024,5,May,9d98d3e6-0379-4589-ba0e-d704fdcdb57f,Jupiter International Limited,cell_manufactured_mw,68.87,2026-05-16T00:32:03
2024,6,Jun,9d98d3e6-0379-4589-ba0e-d704fdcdb57f,Jupiter International Limited,cell_manufactured_mw,39.34,2026-05-16T00:32:03
2024,7,Jul,9d98d3e6-0379-4589-ba0e-d704fdcdb57f,Jupiter International Limited,cell_manufactured_mw,30.33,2026-05-16T00:32:03
2024,8,Aug,9d98d3e6-0379-4589-ba0e-d704fdcdb57f,Jupiter International Limited,cell_manufactured_mw,37.64,2026-05-16T00:32:03
2024,9,Sep,9d98d3e6-0379-4589-ba0e-d704fdcdb57f,Jupiter International Limited,cell_manufactured_mw,36.22,2026-05-16T00:32:03
2024,10,Oct,9d98d3e6-0379-4589-ba0e-d704fdcdb57f,Jupiter International Limited,cell_manufactured_mw,36.66,2026-05-16T00:32:03
2024,11,Nov,9d98d3e6-0379-4589-ba0e-d704fdcdb57f,Jupiter International Limited,cell_manufactured_mw,28.8,2026-05-16T00:32:03
2024,12,Dec,9d98d3e6-0379-4589-ba0e-d704fdcdb57f,Jupiter International Limited,cell_manufactured_mw,33.53,2026-05-16T00:32:03
2024,1,Jan,9d98d3e6-0379-4589-ba0e-d704fdcdb57f,Jupiter International Limited,cell_sold_mw,52.72,2026-05-16T00:32:03
2024,2,Feb,9d98d3e6-0379-4589-ba0e-d704fdcdb57f,Jupiter International Limited,cell_sold_mw,42.37,2026-05-16T00:32:03
2024,3,Mar,9d98d3e6-0379-4589-ba0e-d704fdcdb57f,Jupiter International Limited,cell_sold_mw,46.59,2026-05-16T00:32:03
2024,4,Apr,9d98d3e6-0379-4589-ba0e-d704fdcdb57f,Jupiter International Limited,cell_sold_mw,47.46,2026-05-16T00:32:03
2024,5,May,9d98d3e6-0379-4589-ba0e-d704fdcdb57f,Jupiter International Limited,cell_sold_mw,56.05,2026-05-16T00:32:03
2024,6,Jun,9d98d3e6-0379-4589-ba0e-d704fdcdb57f,Jupiter International Limited,cell_sold_mw,38.23,2026-05-16T00:32:03
2024,7,Jul,9d98d3e6-0379-4589-ba0e-d704fdcdb57f,Jupiter International Limited,cell_sold_mw,33.28,2026-05-16T00:32:03
2024,8,Aug,9d98d3e6-0379-4589-ba0e-d704fdcdb57f,Jupiter International Limited,cell_sold_mw,37.52,2026-05-16T00:32:03
2024,9,Sep,9d98d3e6-0379-4589-ba0e-d704fdcdb57f,Jupiter International Limited,cell_sold_mw,34.44,2026-05-16T00:32:03
2024,10,Oct,9d98d3e6-0379-4589-ba0e-d704fdcdb57f,Jupiter International Limited,cell_sold_mw,38.75,2026-05-16T00:32:03
2024,11,Nov,9d98d3e6-0379-4589-ba0e-d704fdcdb57f,Jupiter International Limited,cell_sold_mw,42.68,2026-05-16T00:32:03
2024,12,Dec,9d98d3e6-0379-4589-ba0e-d704fdcdb57f,Jupiter International Limited,cell_sold_mw,43.6,2026-05-16T00:32:03
2024,1,Jan,febe12df-4860-41e4-ba61-6a9615bd17a7,Websol Energy System Limited,cell_manufactured_mw,0.0,2026-05-16T00:32:03
2024,2,Feb,febe12df-4860-41e4-ba61-6a9615bd17a7,Websol Energy System Limited,cell_manufactured_mw,4.05,2026-05-16T00:32:03
2024,3,Mar,febe12df-4860-41e4-ba61-6a9615bd17a7,Websol Energy System Limited,cell_manufactured_mw,21.54,2026-05-16T00:32:03
2024,4,Apr,febe12df-4860-41e4-ba61-6a9615bd17a7,Websol Energy System Limited,cell_manufactured_mw,30.88,2026-05-16T00:32:03
2024,5,May,febe12df-4860-41e4-ba61-6a9615bd17a7,Websol Energy System Limited,cell_manufactured_mw,28.08,2026-05-16T00:32:03
2024,6,Jun,febe12df-4860-41e4-ba61-6a9615bd17a7,Websol Energy System Limited,cell_manufactured_mw,34.12,2026-05-16T00:32:03
2024,7,Jul,febe12df-4860-41e4-ba61-6a9615bd17a7,Websol Energy System Limited,cell_manufactured_mw,38.92,2026-05-16T00:32:03
2024,8,Aug,febe12df-4860-41e4-ba61-6a9615bd17a7,Websol Energy System Limited,cell_manufactured_mw,41.61,2026-05-16T00:32:03
2024,9,Sep,febe12df-4860-41e4-ba61-6a9615bd17a7,Websol Energy System Limited,cell_manufactured_mw,40.6,2026-05-16T00:32:03
2024,10,Oct,febe12df-4860-41e4-ba61-6a9615bd17a7,Websol Energy System Limited,cell_manufactured_mw,39.8,2026-05-16T00:32:03
2024,11,Nov,febe12df-4860-41e4-ba61-6a9615bd17a7,Websol Energy System Limited,cell_manufactured_mw,36.55,2026-05-16T00:32:03
2024,12,Dec,febe12df-4860-41e4-ba61-6a9615bd17a7,Websol Energy System Limited,cell_manufactured_mw,59.97,2026-05-16T00:32:03
2024,1,Jan,febe12df-4860-41e4-ba61-6a9615bd17a7,Websol Energy System Limited,cell_sold_mw,0.0,2026-05-16T00:32:03
2024,2,Feb,febe12df-4860-41e4-ba61-6a9615bd17a7,Websol Energy System Limited,cell_sold_mw,1.77,2026-05-16T00:32:03
2024,3,Mar,febe12df-4860-41e4-ba61-6a9615bd17a7,Websol Energy System Limited,cell_sold_mw,20.05,2026-05-16T00:32:03
2024,4,Apr,febe12df-4860-41e4-ba61-6a9615bd17a7,Websol Energy System Limited,cell_sold_mw,28.33,2026-05-16T00:32:03
2024,5,May,febe12df-4860-41e4-ba61-6a9615bd17a7,Websol Energy System Limited,cell_sold_mw,30.73,2026-05-16T00:32:03
2024,6,Jun,febe12df-4860-41e4-ba61-6a9615bd17a7,Websol Energy System Limited,cell_sold_mw,33.81,2026-05-16T00:32:03
2024,7,Jul,febe12df-4860-41e4-ba61-6a9615bd17a7,Websol Energy System Limited,cell_sold_mw,30.23,2026-05-16T00:32:03
2024,8,Aug,febe12df-4860-41e4-ba61-6a9615bd17a7,Websol Energy System Limited,cell_sold_mw,43.64,2026-05-16T00:32:03
2024,9,Sep,febe12df-4860-41e4-ba61-6a9615bd17a7,Websol Energy System Limited,cell_sold_mw,43.98,2026-05-16T00:32:03
2024,10,Oct,febe12df-4860-41e4-ba61-6a9615bd17a7,Websol Energy System Limited,cell_sold_mw,31.94,2026-05-16T00:32:03
2024,11,Nov,febe12df-4860-41e4-ba61-6a9615bd17a7,Websol Energy System Limited,cell_sold_mw,44.23,2026-05-16T00:32:03
2024,12,Dec,febe12df-4860-41e4-ba61-6a9615bd17a7,Websol Energy System Limited,cell_sold_mw,40.6,2026-05-16T00:32:03
2024,1,Jan,fbdaf772-c6e6-4c5d-81ce-e57be7b79d5c,Emmvee Energy Private Limited,cell_manufactured_mw,0.0,2026-05-16T00:32:03
2024,2,Feb,fbdaf772-c6e6-4c5d-81ce-e57be7b79d5c,Emmvee Energy Private Limited,cell_manufactured_mw,0.0,2026-05-16T00:32:03
2024,3,Mar,fbdaf772-c6e6-4c5d-81ce-e57be7b79d5c,Emmvee Energy Private Limited,cell_manufactured_mw,0.0,2026-05-16T00:32:03
2024,4,Apr,fbdaf772-c6e6-4c5d-81ce-e57be7b79d5c,Emmvee Energy Private Limited,cell_manufactured_mw,0.0,2026-05-16T00:32:03
2024,5,May,fbdaf772-c6e6-4c5d-81ce-e57be7b79d5c,Emmvee Energy Private Limited,cell_manufactured_mw,0.0,2026-05-16T00:32:03
2024,6,Jun,fbdaf772-c6e6-4c5d-81ce-e57be7b79d5c,Emmvee Energy Private Limited,cell_manufactured_mw,0.0,2026-05-16T00:32:03
2024,7,Jul,fbdaf772-c6e6-4c5d-81ce-e57be7b79d5c,Emmvee Energy Private Limited,cell_manufactured_mw,0.0,2026-05-16T00:32:03
2024,8,Aug,fbdaf772-c6e6-4c5d-81ce-e57be7b79d5c,Emmvee Energy Private Limited,cell_manufactured_mw,0.0,2026-05-16T00:32:03
2024,9,Sep,fbdaf772-c6e6-4c5d-81ce-e57be7b79d5c,Emmvee Energy Private Limited,cell_manufactured_mw,0.0,2026-05-16T00:32:03
2024,10,Oct,fbdaf772-c6e6-4c5d-81ce-e57be7b79d5c,Emmvee Energy Private Limited,cell_manufactured_mw,77.04,2026-05-16T00:32:03
2024,11,Nov,fbdaf772-c6e6-4c5d-81ce-e57be7b79d5c,Emmvee Energy Private Limited,cell_manufactured_mw,170.67,2026-05-16T00:32:03
2024,12,Dec,fbdaf772-c6e6-4c5d-81ce-e57be7b79d5c,Emmvee Energy Private Limited,cell_manufactured_mw,44.51,2026-05-16T00:32:03
2024,1,Jan,fbdaf772-c6e6-4c5d-81ce-e57be7b79d5c,Emmvee Energy Private Limited,cell_sold_mw,0.0,2026-05-16T00:32:03
2024,2,Feb,fbdaf772-c6e6-4c5d-81ce-e57be7b79d5c,Emmvee Energy Private Limited,cell_sold_mw,0.0,2026-05-16T00:32:03
2024,3,Mar,fbdaf772-c6e6-4c5d-81ce-e57be7b79d5c,Emmvee Energy Private Limited,cell_sold_mw,0.0,2026-05-16T00:32:03
2024,4,Apr,fbdaf772-c6e6-4c5d-81ce-e57be7b79d5c,Emmvee Energy Private Limited,cell_sold_mw,0.0,2026-05-16T00:32:03
2024,5,May,fbdaf772-c6e6-4c5d-81ce-e57be7b79d5c,Emmvee Energy Private Limited,cell_sold_mw,0.0,2026-05-16T00:32:03
2024,6,Jun,fbdaf772-c6e6-4c5d-81ce-e57be7b79d5c,Emmvee Energy Private Limited,cell_sold_mw,0.0,2026-05-16T00:32:03
2024,7,Jul,fbdaf772-c6e6-4c5d-81ce-e57be7b79d5c,Emmvee Energy Private Limited,cell_sold_mw,0.0,2026-05-16T00:32:03
2024,8,Aug,fbdaf772-c6e6-4c5d-81ce-e57be7b79d5c,Emmvee Energy Private Limited,cell_sold_mw,0.0,2026-05-16T00:32:03
2024,9,Sep,fbdaf772-c6e6-4c5d-81ce-e57be7b79d5c,Emmvee Energy Private Limited,cell_sold_mw,0.0,2026-05-16T00:32:03
2024,10,Oct,fbdaf772-c6e6-4c5d-81ce-e57be7b79d5c,Emmvee Energy Private Limited,cell_sold_mw,0.0,2026-05-16T00:32:03
2024,11,Nov,fbdaf772-c6e6-4c5d-81ce-e57be7b79d5c,Emmvee Energy Private Limited,cell_sold_mw,3.81,2026-05-16T00:32:03
2024,12,Dec,fbdaf772-c6e6-4c5d-81ce-e57be7b79d5c,Emmvee Energy Private Limited,cell_sold_mw,0.9,2026-05-16T00:32:03
2024,1,Jan,91b24c33-c4b4-492e-91fe-abb42080a27d,Tata Power Renewable Energy Limited,cell_manufactured_mw,82.37,2026-05-16T00:32:03
2024,2,Feb,91b24c33-c4b4-492e-91fe-abb42080a27d,Tata Power Renewable Energy Limited,cell_manufactured_mw,0.0,2026-05-16T00:32:03
2024,3,Mar,91b24c33-c4b4-492e-91fe-abb42080a27d,Tata Power Renewable Energy Limited,cell_manufactured_mw,18.55,2026-05-16T00:32:03
2024,4,Apr,91b24c33-c4b4-492e-91fe-abb42080a27d,Tata Power Renewable Energy Limited,cell_manufactured_mw,28.68,2026-05-16T00:32:03
2024,5,May,91b24c33-c4b4-492e-91fe-abb42080a27d,Tata Power Renewable Energy Limited,cell_manufactured_mw,0.0,2026-05-16T00:32:03
2024,6,Jun,91b24c33-c4b4-492e-91fe-abb42080a27d,Tata Power Renewable Energy Limited,cell_manufactured_mw,17.08,2026-05-16T00:32:03
2024,7,Jul,91b24c33-c4b4-492e-91fe-abb42080a27d,Tata Power Renewable Energy Limited,cell_manufactured_mw,19.05,2026-05-16T00:32:03
2024,8,Aug,91b24c33-c4b4-492e-91fe-abb42080a27d,Tata Power Renewable Energy Limited,cell_manufactured_mw,17.55,2026-05-16T00:32:03
2024,9,Sep,91b24c33-c4b4-492e-91fe-abb42080a27d,Tata Power Renewable Energy Limited,cell_manufactured_mw,4.18,2026-05-16T00:32:03
2024,10,Oct,91b24c33-c4b4-492e-91fe-abb42080a27d,Tata Power Renewable Energy Limited,cell_manufactured_mw,18.76,2026-05-16T00:32:03
2024,11,Nov,91b24c33-c4b4-492e-91fe-abb42080a27d,Tata Power Renewable Energy Limited,cell_manufactured_mw,29.07,2026-05-16T00:32:03
2024,12,Dec,91b24c33-c4b4-492e-91fe-abb42080a27d,Tata Power Renewable Energy Limited,cell_manufactured_mw,39.25,2026-05-16T00:32:03
2024,1,Jan,91b24c33-c4b4-492e-91fe-abb42080a27d,Tata Power Renewable Energy Limited,cell_sold_mw,0.0,2026-05-16T00:32:03
2024,2,Feb,91b24c33-c4b4-492e-91fe-abb42080a27d,Tata Power Renewable Energy Limited,cell_sold_mw,0.0,2026-05-16T00:32:03
2024,3,Mar,91b24c33-c4b4-492e-91fe-abb42080a27d,Tata Power Renewable Energy Limited,cell_sold_mw,34.6,2026-05-16T00:32:03
2024,4,Apr,91b24c33-c4b4-492e-91fe-abb42080a27d,Tata Power Renewable Energy Limited,cell_sold_mw,11.58,2026-05-16T00:32:03
2024,5,May,91b24c33-c4b4-492e-91fe-abb42080a27d,Tata Power Renewable Energy Limited,cell_sold_mw,57.05,2026-05-16T00:32:03
2024,6,Jun,91b24c33-c4b4-492e-91fe-abb42080a27d,Tata Power Renewable Energy Limited,cell_sold_mw,29.63,2026-05-16T00:32:03
2024,7,Jul,91b24c33-c4b4-492e-91fe-abb42080a27d,Tata Power Renewable Energy Limited,cell_sold_mw,39.86,2026-05-16T00:32:03
2024,8,Aug,91b24c33-c4b4-492e-91fe-abb42080a27d,Tata Power Renewable Energy Limited,cell_sold_mw,20.5,2026-05-16T00:32:03
2024,9,Sep,91b24c33-c4b4-492e-91fe-abb42080a27d,Tata Power Renewable Energy Limited,cell_sold_mw,23.48,2026-05-16T00:32:03
2024,10,Oct,91b24c33-c4b4-492e-91fe-abb42080a27d,Tata Power Renewable Energy Limited,cell_sold_mw,5.03,2026-05-16T00:32:03
2024,11,Nov,91b24c33-c4b4-492e-91fe-abb42080a27d,Tata Power Renewable Energy Limited,cell_sold_mw,16.28,2026-05-16T00:32:03
2024,12,Dec,91b24c33-c4b4-492e-91fe-abb42080a27d,Tata Power Renewable Energy Limited,cell_sold_mw,18.35,2026-05-16T00:32:03
2024,1,Jan,efd3cf8b-55f6-4365-a2f4-1af1c4c18cce,TP Solar Limited,cell_manufactured_mw,0.0,2026-05-16T00:32:03
2024,2,Feb,efd3cf8b-55f6-4365-a2f4-1af1c4c18cce,TP Solar Limited,cell_manufactured_mw,0.0,2026-05-16T00:32:03
2024,3,Mar,efd3cf8b-55f6-4365-a2f4-1af1c4c18cce,TP Solar Limited,cell_manufactured_mw,0.0,2026-05-16T00:32:03
2024,4,Apr,efd3cf8b-55f6-4365-a2f4-1af1c4c18cce,TP Solar Limited,cell_manufactured_mw,0.0,2026-05-16T00:32:03
2024,5,May,efd3cf8b-55f6-4365-a2f4-1af1c4c18cce,TP Solar Limited,cell_manufactured_mw,0.0,2026-05-16T00:32:03
2024,6,Jun,efd3cf8b-55f6-4365-a2f4-1af1c4c18cce,TP Solar Limited,cell_manufactured_mw,0.0,2026-05-16T00:32:03
2024,7,Jul,efd3cf8b-55f6-4365-a2f4-1af1c4c18cce,TP Solar Limited,cell_manufactured_mw,0.0,2026-05-16T00:32:03
2024,8,Aug,efd3cf8b-55f6-4365-a2f4-1af1c4c18cce,TP Solar Limited,cell_manufactured_mw,0.01,2026-05-16T00:32:03
2024,9,Sep,efd3cf8b-55f6-4365-a2f4-1af1c4c18cce,TP Solar Limited,cell_manufactured_mw,0.0,2026-05-16T00:32:03
2024,10,Oct,efd3cf8b-55f6-4365-a2f4-1af1c4c18cce,TP Solar Limited,cell_manufactured_mw,11.21,2026-05-16T00:32:03
2024,11,Nov,efd3cf8b-55f6-4365-a2f4-1af1c4c18cce,TP Solar Limited,cell_manufactured_mw,69.29,2026-05-16T00:32:03
2024,12,Dec,efd3cf8b-55f6-4365-a2f4-1af1c4c18cce,TP Solar Limited,cell_manufactured_mw,193.59,2026-05-16T00:32:03
2024,1,Jan,efd3cf8b-55f6-4365-a2f4-1af1c4c18cce,TP Solar Limited,cell_sold_mw,0.0,2026-05-16T00:32:03
2024,2,Feb,efd3cf8b-55f6-4365-a2f4-1af1c4c18cce,TP Solar Limited,cell_sold_mw,0.0,2026-05-16T00:32:03
2024,3,Mar,efd3cf8b-55f6-4365-a2f4-1af1c4c18cce,TP Solar Limited,cell_sold_mw,0.0,2026-05-16T00:32:03
2024,4,Apr,efd3cf8b-55f6-4365-a2f4-1af1c4c18cce,TP Solar Limited,cell_sold_mw,0.0,2026-05-16T00:32:03
2024,5,May,efd3cf8b-55f6-4365-a2f4-1af1c4c18cce,TP Solar Limited,cell_sold_mw,0.0,2026-05-16T00:32:03
2024,6,Jun,efd3cf8b-55f6-4365-a2f4-1af1c4c18cce,TP Solar Limited,cell_sold_mw,0.0,2026-05-16T00:32:03
2024,7,Jul,efd3cf8b-55f6-4365-a2f4-1af1c4c18cce,TP Solar Limited,cell_sold_mw,0.0,2026-05-16T00:32:03
2024,8,Aug,efd3cf8b-55f6-4365-a2f4-1af1c4c18cce,TP Solar Limited,cell_sold_mw,0.0,2026-05-16T00:32:03
2024,9,Sep,efd3cf8b-55f6-4365-a2f4-1af1c4c18cce,TP Solar Limited,cell_sold_mw,0.0,2026-05-16T00:32:03
2024,10,Oct,efd3cf8b-55f6-4365-a2f4-1af1c4c18cce,TP Solar Limited,cell_sold_mw,0.0,2026-05-16T00:32:03
2024,11,Nov,efd3cf8b-55f6-4365-a2f4-1af1c4c18cce,TP Solar Limited,cell_sold_mw,0.0,2026-05-16T00:32:03
2024,12,Dec,efd3cf8b-55f6-4365-a2f4-1af1c4c18cce,TP Solar Limited,cell_sold_mw,1.18,2026-05-16T00:32:03
2024,1,Jan,75ae04be-db90-4f15-aca8-257f59d835be,Renew Photovoltaics Private Limited,cell_manufactured_mw,0.0,2026-05-16T00:32:03
2024,2,Feb,75ae04be-db90-4f15-aca8-257f59d835be,Renew Photovoltaics Private Limited,cell_manufactured_mw,0.0,2026-05-16T00:32:03
2024,3,Mar,75ae04be-db90-4f15-aca8-257f59d835be,Renew Photovoltaics Private Limited,cell_manufactured_mw,0.0,2026-05-16T00:32:03
2024,4,Apr,75ae04be-db90-4f15-aca8-257f59d835be,Renew Photovoltaics Private Limited,cell_manufactured_mw,0.0,2026-05-16T00:32:03
2024,5,May,75ae04be-db90-4f15-aca8-257f59d835be,Renew Photovoltaics Private Limited,cell_manufactured_mw,0.0,2026-05-16T00:32:03
2024,6,Jun,75ae04be-db90-4f15-aca8-257f59d835be,Renew Photovoltaics Private Limited,cell_manufactured_mw,0.0,2026-05-16T00:32:03
2024,7,Jul,75ae04be-db90-4f15-aca8-257f59d835be,Renew Photovoltaics Private Limited,cell_manufactured_mw,0.0,2026-05-16T00:32:03
2024,8,Aug,75ae04be-db90-4f15-aca8-257f59d835be,Renew Photovoltaics Private Limited,cell_manufactured_mw,0.0,2026-05-16T00:32:03
2024,9,Sep,75ae04be-db90-4f15-aca8-257f59d835be,Renew Photovoltaics Private Limited,cell_manufactured_mw,0.0,2026-05-16T00:32:03
2024,10,Oct,75ae04be-db90-4f15-aca8-257f59d835be,Renew Photovoltaics Private Limited,cell_manufactured_mw,4.83,2026-05-16T00:32:03
2024,11,Nov,75ae04be-db90-4f15-aca8-257f59d835be,Renew Photovoltaics Private Limited,cell_manufactured_mw,27.19,2026-05-16T00:32:03
2024,12,Dec,75ae04be-db90-4f15-aca8-257f59d835be,Renew Photovoltaics Private Limited,cell_manufactured_mw,113.11,2026-05-16T00:32:03
2024,1,Jan,75ae04be-db90-4f15-aca8-257f59d835be,Renew Photovoltaics Private Limited,cell_sold_mw,0.0,2026-05-16T00:32:03
2024,2,Feb,75ae04be-db90-4f15-aca8-257f59d835be,Renew Photovoltaics Private Limited,cell_sold_mw,0.0,2026-05-16T00:32:03
2024,3,Mar,75ae04be-db90-4f15-aca8-257f59d835be,Renew Photovoltaics Private Limited,cell_sold_mw,0.0,2026-05-16T00:32:03
2024,4,Apr,75ae04be-db90-4f15-aca8-257f59d835be,Renew Photovoltaics Private Limited,cell_sold_mw,0.0,2026-05-16T00:32:03
2024,5,May,75ae04be-db90-4f15-aca8-257f59d835be,Renew Photovoltaics Private Limited,cell_sold_mw,0.0,2026-05-16T00:32:03
2024,6,Jun,75ae04be-db90-4f15-aca8-257f59d835be,Renew Photovoltaics Private Limited,cell_sold_mw,0.0,2026-05-16T00:32:03
2024,7,Jul,75ae04be-db90-4f15-aca8-257f59d835be,Renew Photovoltaics Private Limited,cell_sold_mw,0.0,2026-05-16T00:32:03
2024,8,Aug,75ae04be-db90-4f15-aca8-257f59d835be,Renew Photovoltaics Private Limited,cell_sold_mw,0.0,2026-05-16T00:32:03
2024,9,Sep,75ae04be-db90-4f15-aca8-257f59d835be,Renew Photovoltaics Private Limited,cell_sold_mw,0.0,2026-05-16T00:32:03
2024,10,Oct,75ae04be-db90-4f15-aca8-257f59d835be,Renew Photovoltaics Private Limited,cell_sold_mw,0.0,2026-05-16T00:32:03
2024,11,Nov,75ae04be-db90-4f15-aca8-257f59d835be,Renew Photovoltaics Private Limited,cell_sold_mw,0.0,2026-05-16T00:32:03
2024,12,Dec,75ae04be-db90-4f15-aca8-257f59d835be,Renew Photovoltaics Private Limited,cell_sold_mw,14.11,2026-05-16T00:32:03
2024,1,Jan,24cb65eb-f553-4fe4-853e-dfee1df94d49,Renewsys India Private Limited,cell_manufactured_mw,0.86,2026-05-16T00:32:03
2024,2,Feb,24cb65eb-f553-4fe4-853e-dfee1df94d49,Renewsys India Private Limited,cell_manufactured_mw,0.0,2026-05-16T00:32:03
2024,3,Mar,24cb65eb-f553-4fe4-853e-dfee1df94d49,Renewsys India Private Limited,cell_manufactured_mw,0.16,2026-05-16T00:32:03
2024,4,Apr,24cb65eb-f553-4fe4-853e-dfee1df94d49,Renewsys India Private Limited,cell_manufactured_mw,1.57,2026-05-16T00:32:03
2024,5,May,24cb65eb-f553-4fe4-853e-dfee1df94d49,Renewsys India Private Limited,cell_manufactured_mw,0.62,2026-05-16T00:32:03
2024,6,Jun,24cb65eb-f553-4fe4-853e-dfee1df94d49,Renewsys India Private Limited,cell_manufactured_mw,2.66,2026-05-16T00:32:03
2024,7,Jul,24cb65eb-f553-4fe4-853e-dfee1df94d49,Renewsys India Private Limited,cell_manufactured_mw,1.93,2026-05-16T00:32:03
2024,8,Aug,24cb65eb-f553-4fe4-853e-dfee1df94d49,Renewsys India Private Limited,cell_manufactured_mw,0.0,2026-05-16T00:32:03
2024,9,Sep,24cb65eb-f553-4fe4-853e-dfee1df94d49,Renewsys India Private Limited,cell_manufactured_mw,0.0,2026-05-16T00:32:03
2024,10,Oct,24cb65eb-f553-4fe4-853e-dfee1df94d49,Renewsys India Private Limited,cell_manufactured_mw,0.0,2026-05-16T00:32:03
2024,11,Nov,24cb65eb-f553-4fe4-853e-dfee1df94d49,Renewsys India Private Limited,cell_manufactured_mw,0.22,2026-05-16T00:32:03
2024,12,Dec,24cb65eb-f553-4fe4-853e-dfee1df94d49,Renewsys India Private Limited,cell_manufactured_mw,0.0,2026-05-16T00:32:03
2024,1,Jan,24cb65eb-f553-4fe4-853e-dfee1df94d49,Renewsys India Private Limited,cell_sold_mw,0.0,2026-05-16T00:32:03
2024,2,Feb,24cb65eb-f553-4fe4-853e-dfee1df94d49,Renewsys India Private Limited,cell_sold_mw,0.0,2026-05-16T00:32:03
2024,3,Mar,24cb65eb-f553-4fe4-853e-dfee1df94d49,Renewsys India Private Limited,cell_sold_mw,0.0,2026-05-16T00:32:03
2024,4,Apr,24cb65eb-f553-4fe4-853e-dfee1df94d49,Renewsys India Private Limited,cell_sold_mw,0.0,2026-05-16T00:32:03
2024,5,May,24cb65eb-f553-4fe4-853e-dfee1df94d49,Renewsys India Private Limited,cell_sold_mw,0.0,2026-05-16T00:32:03
2024,6,Jun,24cb65eb-f553-4fe4-853e-dfee1df94d49,Renewsys India Private Limited,cell_sold_mw,0.0,2026-05-16T00:32:03
2024,7,Jul,24cb65eb-f553-4fe4-853e-dfee1df94d49,Renewsys India Private Limited,cell_sold_mw,0.0,2026-05-16T00:32:03
2024,8,Aug,24cb65eb-f553-4fe4-853e-dfee1df94d49,Renewsys India Private Limited,cell_sold_mw,0.0,2026-05-16T00:32:03
2024,9,Sep,24cb65eb-f553-4fe4-853e-dfee1df94d49,Renewsys India Private Limited,cell_sold_mw,0.06,2026-05-16T00:32:03
2024,10,Oct,24cb65eb-f553-4fe4-853e-dfee1df94d49,Renewsys India Private Limited,cell_sold_mw,0.06,2026-05-16T00:32:03
2024,11,Nov,24cb65eb-f553-4fe4-853e-dfee1df94d49,Renewsys India Private Limited,cell_sold_mw,2.16,2026-05-16T00:32:03
2024,12,Dec,24cb65eb-f553-4fe4-853e-dfee1df94d49,Renewsys India Private Limited,cell_sold_mw,0.77,2026-05-16T00:32:03
2024,1,Jan,4c494d96-d12f-4bd8-b9fd-6006841083a4,Waaree Energies Limited,cell_manufactured_mw,0.0,2026-05-16T00:32:03
2024,2,Feb,4c494d96-d12f-4bd8-b9fd-6006841083a4,Waaree Energies Limited,cell_manufactured_mw,0.0,2026-05-16T00:32:03
2024,3,Mar,4c494d96-d12f-4bd8-b9fd-6006841083a4,Waaree Energies Limited,cell_manufactured_mw,0.0,2026-05-16T00:32:03
2024,4,Apr,4c494d96-d12f-4bd8-b9fd-6006841083a4,Waaree Energies Limited,cell_manufactured_mw,0.0,2026-05-16T00:32:03
2024,5,May,4c494d96-d12f-4bd8-b9fd-6006841083a4,Waaree Energies Limited,cell_manufactured_mw,0.0,2026-05-16T00:32:03
2024,6,Jun,4c494d96-d12f-4bd8-b9fd-6006841083a4,Waaree Energies Limited,cell_manufactured_mw,0.0,2026-05-16T00:32:03
2024,7,Jul,4c494d96-d12f-4bd8-b9fd-6006841083a4,Waaree Energies Limited,cell_manufactured_mw,0.0,2026-05-16T00:32:03
2024,8,Aug,4c494d96-d12f-4bd8-b9fd-6006841083a4,Waaree Energies Limited,cell_manufactured_mw,0.0,2026-05-16T00:32:03
2024,9,Sep,4c494d96-d12f-4bd8-b9fd-6006841083a4,Waaree Energies Limited,cell_manufactured_mw,0.0,2026-05-16T00:32:03
2024,10,Oct,4c494d96-d12f-4bd8-b9fd-6006841083a4,Waaree Energies Limited,cell_manufactured_mw,0.0,2026-05-16T00:32:03
2024,11,Nov,4c494d96-d12f-4bd8-b9fd-6006841083a4,Waaree Energies Limited,cell_manufactured_mw,0.0,2026-05-16T00:32:03
2024,12,Dec,4c494d96-d12f-4bd8-b9fd-6006841083a4,Waaree Energies Limited,cell_manufactured_mw,7.13,2026-05-16T00:32:03
2024,1,Jan,4c494d96-d12f-4bd8-b9fd-6006841083a4,Waaree Energies Limited,cell_sold_mw,0.0,2026-05-16T00:32:03
2024,2,Feb,4c494d96-d12f-4bd8-b9fd-6006841083a4,Waaree Energies Limited,cell_sold_mw,0.0,2026-05-16T00:32:03
2024,3,Mar,4c494d96-d12f-4bd8-b9fd-6006841083a4,Waaree Energies Limited,cell_sold_mw,0.0,2026-05-16T00:32:03
2024,4,Apr,4c494d96-d12f-4bd8-b9fd-6006841083a4,Waaree Energies Limited,cell_sold_mw,0.0,2026-05-16T00:32:03
2024,5,May,4c494d96-d12f-4bd8-b9fd-6006841083a4,Waaree Energies Limited,cell_sold_mw,0.0,2026-05-16T00:32:03
2024,6,Jun,4c494d96-d12f-4bd8-b9fd-6006841083a4,Waaree Energies Limited,cell_sold_mw,0.0,2026-05-16T00:32:03
2024,7,Jul,4c494d96-d12f-4bd8-b9fd-6006841083a4,Waaree Energies Limited,cell_sold_mw,0.0,2026-05-16T00:32:03
2024,8,Aug,4c494d96-d12f-4bd8-b9fd-6006841083a4,Waaree Energies Limited,cell_sold_mw,0.0,2026-05-16T00:32:03
2024,9,Sep,4c494d96-d12f-4bd8-b9fd-6006841083a4,Waaree Energies Limited,cell_sold_mw,0.0,2026-05-16T00:32:03
2024,10,Oct,4c494d96-d12f-4bd8-b9fd-6006841083a4,Waaree Energies Limited,cell_sold_mw,0.0,2026-05-16T00:32:03
2024,11,Nov,4c494d96-d12f-4bd8-b9fd-6006841083a4,Waaree Energies Limited,cell_sold_mw,0.0,2026-05-16T00:32:03
2024,12,Dec,4c494d96-d12f-4bd8-b9fd-6006841083a4,Waaree Energies Limited,cell_sold_mw,0.0,2026-05-16T00:32:03
2025,1,Jan,,All Manufacturers,cell_manufactured_mw,1094.21,2026-05-16T00:32:03
2025,2,Feb,,All Manufacturers,cell_manufactured_mw,1009.69,2026-05-16T00:32:03
2025,3,Mar,,All Manufacturers,cell_manufactured_mw,1294.26,2026-05-16T00:32:03
2025,4,Apr,,All Manufacturers,cell_manufactured_mw,1368.37,2026-05-16T00:32:03
2025,5,May,,All Manufacturers,cell_manufactured_mw,1450.03,2026-05-16T00:32:03
2025,6,Jun,,All Manufacturers,cell_manufactured_mw,1434.8,2026-05-16T00:32:03
2025,7,Jul,,All Manufacturers,cell_manufactured_mw,1492.62,2026-05-16T00:32:03
2025,8,Aug,,All Manufacturers,cell_manufactured_mw,1586.33,2026-05-16T00:32:03
2025,9,Sep,,All Manufacturers,cell_manufactured_mw,1638.7,2026-05-16T00:32:03
2025,10,Oct,,All Manufacturers,cell_manufactured_mw,1579.12,2026-05-16T00:32:03
2025,11,Nov,,All Manufacturers,cell_manufactured_mw,1755.47,2026-05-16T00:32:03
2025,12,Dec,,All Manufacturers,cell_manufactured_mw,1860.37,2026-05-16T00:32:03
2025,1,Jan,,All Manufacturers,cell_sold_mw,273.64,2026-05-16T00:32:03
2025,2,Feb,,All Manufacturers,cell_sold_mw,214.77,2026-05-16T00:32:03
2025,3,Mar,,All Manufacturers,cell_sold_mw,363.88,2026-05-16T00:32:03
2025,4,Apr,,All Manufacturers,cell_sold_mw,198.54,2026-05-16T00:32:03
2025,5,May,,All Manufacturers,cell_sold_mw,399.8,2026-05-16T00:32:03
2025,6,Jun,,All Manufacturers,cell_sold_mw,453.12,2026-05-16T00:32:03
2025,7,Jul,,All Manufacturers,cell_sold_mw,357.0,2026-05-16T00:32:03
2025,8,Aug,,All Manufacturers,cell_sold_mw,450.69,2026-05-16T00:32:03
2025,9,Sep,,All Manufacturers,cell_sold_mw,493.05,2026-05-16T00:32:03
2025,10,Oct,,All Manufacturers,cell_sold_mw,293.3,2026-05-16T00:32:03
2025,11,Nov,,All Manufacturers,cell_sold_mw,277.38,2026-05-16T00:32:03
2025,12,Dec,,All Manufacturers,cell_sold_mw,404.08,2026-05-16T00:32:03
2025,1,Jan,efd3cf8b-55f6-4365-a2f4-1af1c4c18cce,TP Solar Limited,cell_manufactured_mw,174.49,2026-05-16T00:32:03
2025,2,Feb,efd3cf8b-55f6-4365-a2f4-1af1c4c18cce,TP Solar Limited,cell_manufactured_mw,147.08,2026-05-16T00:32:03
2025,3,Mar,efd3cf8b-55f6-4365-a2f4-1af1c4c18cce,TP Solar Limited,cell_manufactured_mw,271.86,2026-05-16T00:32:03
2025,4,Apr,efd3cf8b-55f6-4365-a2f4-1af1c4c18cce,TP Solar Limited,cell_manufactured_mw,289.24,2026-05-16T00:32:03
2025,5,May,efd3cf8b-55f6-4365-a2f4-1af1c4c18cce,TP Solar Limited,cell_manufactured_mw,330.59,2026-05-16T00:32:03
2025,6,Jun,efd3cf8b-55f6-4365-a2f4-1af1c4c18cce,TP Solar Limited,cell_manufactured_mw,325.4,2026-05-16T00:32:03
2025,7,Jul,efd3cf8b-55f6-4365-a2f4-1af1c4c18cce,TP Solar Limited,cell_manufactured_mw,325.88,2026-05-16T00:32:03
2025,8,Aug,efd3cf8b-55f6-4365-a2f4-1af1c4c18cce,TP Solar Limited,cell_manufactured_mw,300.51,2026-05-16T00:32:03
2025,9,Sep,efd3cf8b-55f6-4365-a2f4-1af1c4c18cce,TP Solar Limited,cell_manufactured_mw,309.38,2026-05-16T00:32:03
2025,10,Oct,efd3cf8b-55f6-4365-a2f4-1af1c4c18cce,TP Solar Limited,cell_manufactured_mw,281.53,2026-05-16T00:32:03
2025,11,Nov,efd3cf8b-55f6-4365-a2f4-1af1c4c18cce,TP Solar Limited,cell_manufactured_mw,321.85,2026-05-16T00:32:03
2025,12,Dec,efd3cf8b-55f6-4365-a2f4-1af1c4c18cce,TP Solar Limited,cell_manufactured_mw,360.39,2026-05-16T00:32:03
2025,1,Jan,efd3cf8b-55f6-4365-a2f4-1af1c4c18cce,TP Solar Limited,cell_sold_mw,1.34,2026-05-16T00:32:03
2025,2,Feb,efd3cf8b-55f6-4365-a2f4-1af1c4c18cce,TP Solar Limited,cell_sold_mw,1.99,2026-05-16T00:32:03
2025,3,Mar,efd3cf8b-55f6-4365-a2f4-1af1c4c18cce,TP Solar Limited,cell_sold_mw,28.69,2026-05-16T00:32:03
2025,4,Apr,efd3cf8b-55f6-4365-a2f4-1af1c4c18cce,TP Solar Limited,cell_sold_mw,0.0,2026-05-16T00:32:03
2025,5,May,efd3cf8b-55f6-4365-a2f4-1af1c4c18cce,TP Solar Limited,cell_sold_mw,18.53,2026-05-16T00:32:03
2025,6,Jun,efd3cf8b-55f6-4365-a2f4-1af1c4c18cce,TP Solar Limited,cell_sold_mw,18.94,2026-05-16T00:32:03
2025,7,Jul,efd3cf8b-55f6-4365-a2f4-1af1c4c18cce,TP Solar Limited,cell_sold_mw,29.63,2026-05-16T00:32:03
2025,8,Aug,efd3cf8b-55f6-4365-a2f4-1af1c4c18cce,TP Solar Limited,cell_sold_mw,12.84,2026-05-16T00:32:03
2025,9,Sep,efd3cf8b-55f6-4365-a2f4-1af1c4c18cce,TP Solar Limited,cell_sold_mw,23.0,2026-05-16T00:32:03
2025,10,Oct,efd3cf8b-55f6-4365-a2f4-1af1c4c18cce,TP Solar Limited,cell_sold_mw,15.81,2026-05-16T00:32:03
2025,11,Nov,efd3cf8b-55f6-4365-a2f4-1af1c4c18cce,TP Solar Limited,cell_sold_mw,6.95,2026-05-16T00:32:03
2025,12,Dec,efd3cf8b-55f6-4365-a2f4-1af1c4c18cce,TP Solar Limited,cell_sold_mw,19.27,2026-05-16T00:32:03
2025,1,Jan,9506d465-8696-4dd1-9546-9641849c6135,FS India Solar Ventures Private Limited,cell_manufactured_mw,220.43,2026-05-16T00:32:03
2025,2,Feb,9506d465-8696-4dd1-9546-9641849c6135,FS India Solar Ventures Private Limited,cell_manufactured_mw,213.93,2026-05-16T00:32:03
2025,3,Mar,9506d465-8696-4dd1-9546-9641849c6135,FS India Solar Ventures Private Limited,cell_manufactured_mw,250.81,2026-05-16T00:32:03
2025,4,Apr,9506d465-8696-4dd1-9546-9641849c6135,FS India Solar Ventures Private Limited,cell_manufactured_mw,251.65,2026-05-16T00:32:03
2025,5,May,9506d465-8696-4dd1-9546-9641849c6135,FS India Solar Ventures Private Limited,cell_manufactured_mw,260.16,2026-05-16T00:32:03
2025,6,Jun,9506d465-8696-4dd1-9546-9641849c6135,FS India Solar Ventures Private Limited,cell_manufactured_mw,228.37,2026-05-16T00:32:03
2025,7,Jul,9506d465-8696-4dd1-9546-9641849c6135,FS India Solar Ventures Private Limited,cell_manufactured_mw,199.89,2026-05-16T00:32:03
2025,8,Aug,9506d465-8696-4dd1-9546-9641849c6135,FS India Solar Ventures Private Limited,cell_manufactured_mw,226.35,2026-05-16T00:32:03
2025,9,Sep,9506d465-8696-4dd1-9546-9641849c6135,FS India Solar Ventures Private Limited,cell_manufactured_mw,216.09,2026-05-16T00:32:03
2025,10,Oct,9506d465-8696-4dd1-9546-9641849c6135,FS India Solar Ventures Private Limited,cell_manufactured_mw,196.11,2026-05-16T00:32:03
2025,11,Nov,9506d465-8696-4dd1-9546-9641849c6135,FS India Solar Ventures Private Limited,cell_manufactured_mw,237.56,2026-05-16T00:32:03
2025,12,Dec,9506d465-8696-4dd1-9546-9641849c6135,FS India Solar Ventures Private Limited,cell_manufactured_mw,268.51,2026-05-16T00:32:03
2025,1,Jan,9506d465-8696-4dd1-9546-9641849c6135,FS India Solar Ventures Private Limited,cell_sold_mw,0.0,2026-05-16T00:32:03
2025,2,Feb,9506d465-8696-4dd1-9546-9641849c6135,FS India Solar Ventures Private Limited,cell_sold_mw,0.0,2026-05-16T00:32:03
2025,3,Mar,9506d465-8696-4dd1-9546-9641849c6135,FS India Solar Ventures Private Limited,cell_sold_mw,0.0,2026-05-16T00:32:03
2025,4,Apr,9506d465-8696-4dd1-9546-9641849c6135,FS India Solar Ventures Private Limited,cell_sold_mw,0.0,2026-05-16T00:32:03
2025,5,May,9506d465-8696-4dd1-9546-9641849c6135,FS India Solar Ventures Private Limited,cell_sold_mw,0.0,2026-05-16T00:32:03
2025,6,Jun,9506d465-8696-4dd1-9546-9641849c6135,FS India Solar Ventures Private Limited,cell_sold_mw,0.0,2026-05-16T00:32:03
2025,7,Jul,9506d465-8696-4dd1-9546-9641849c6135,FS India Solar Ventures Private Limited,cell_sold_mw,0.0,2026-05-16T00:32:03
2025,8,Aug,9506d465-8696-4dd1-9546-9641849c6135,FS India Solar Ventures Private Limited,cell_sold_mw,0.0,2026-05-16T00:32:03
2025,9,Sep,9506d465-8696-4dd1-9546-9641849c6135,FS India Solar Ventures Private Limited,cell_sold_mw,0.0,2026-05-16T00:32:03
2025,10,Oct,9506d465-8696-4dd1-9546-9641849c6135,FS India Solar Ventures Private Limited,cell_sold_mw,0.0,2026-05-16T00:32:03
2025,11,Nov,9506d465-8696-4dd1-9546-9641849c6135,FS India Solar Ventures Private Limited,cell_sold_mw,0.0,2026-05-16T00:32:03
2025,12,Dec,9506d465-8696-4dd1-9546-9641849c6135,FS India Solar Ventures Private Limited,cell_sold_mw,0.0,2026-05-16T00:32:03
2025,1,Jan,6465a0b9-60b7-4edf-97f1-3cb3840b9a73,Mundra Solar Energy Limited,cell_manufactured_mw,165.09,2026-05-16T00:32:03
2025,2,Feb,6465a0b9-60b7-4edf-97f1-3cb3840b9a73,Mundra Solar Energy Limited,cell_manufactured_mw,70.86,2026-05-16T00:32:03
2025,3,Mar,6465a0b9-60b7-4edf-97f1-3cb3840b9a73,Mundra Solar Energy Limited,cell_manufactured_mw,120.81,2026-05-16T00:32:03
2025,4,Apr,6465a0b9-60b7-4edf-97f1-3cb3840b9a73,Mundra Solar Energy Limited,cell_manufactured_mw,136.37,2026-05-16T00:32:03
2025,5,May,6465a0b9-60b7-4edf-97f1-3cb3840b9a73,Mundra Solar Energy Limited,cell_manufactured_mw,163.54,2026-05-16T00:32:03
2025,6,Jun,6465a0b9-60b7-4edf-97f1-3cb3840b9a73,Mundra Solar Energy Limited,cell_manufactured_mw,155.56,2026-05-16T00:32:03
2025,7,Jul,6465a0b9-60b7-4edf-97f1-3cb3840b9a73,Mundra Solar Energy Limited,cell_manufactured_mw,157.86,2026-05-16T00:32:03
2025,8,Aug,6465a0b9-60b7-4edf-97f1-3cb3840b9a73,Mundra Solar Energy Limited,cell_manufactured_mw,149.31,2026-05-16T00:32:03
2025,9,Sep,6465a0b9-60b7-4edf-97f1-3cb3840b9a73,Mundra Solar Energy Limited,cell_manufactured_mw,146.16,2026-05-16T00:32:03
2025,10,Oct,6465a0b9-60b7-4edf-97f1-3cb3840b9a73,Mundra Solar Energy Limited,cell_manufactured_mw,144.38,2026-05-16T00:32:03
2025,11,Nov,6465a0b9-60b7-4edf-97f1-3cb3840b9a73,Mundra Solar Energy Limited,cell_manufactured_mw,145.11,2026-05-16T00:32:03
2025,12,Dec,6465a0b9-60b7-4edf-97f1-3cb3840b9a73,Mundra Solar Energy Limited,cell_manufactured_mw,149.54,2026-05-16T00:32:03
2025,1,Jan,6465a0b9-60b7-4edf-97f1-3cb3840b9a73,Mundra Solar Energy Limited,cell_sold_mw,11.08,2026-05-16T00:32:03
2025,2,Feb,6465a0b9-60b7-4edf-97f1-3cb3840b9a73,Mundra Solar Energy Limited,cell_sold_mw,3.18,2026-05-16T00:32:03
2025,3,Mar,6465a0b9-60b7-4edf-97f1-3cb3840b9a73,Mundra Solar Energy Limited,cell_sold_mw,13.87,2026-05-16T00:32:03
2025,4,Apr,6465a0b9-60b7-4edf-97f1-3cb3840b9a73,Mundra Solar Energy Limited,cell_sold_mw,8.24,2026-05-16T00:32:03
2025,5,May,6465a0b9-60b7-4edf-97f1-3cb3840b9a73,Mundra Solar Energy Limited,cell_sold_mw,26.36,2026-05-16T00:32:03
2025,6,Jun,6465a0b9-60b7-4edf-97f1-3cb3840b9a73,Mundra Solar Energy Limited,cell_sold_mw,13.69,2026-05-16T00:32:03
2025,7,Jul,6465a0b9-60b7-4edf-97f1-3cb3840b9a73,Mundra Solar Energy Limited,cell_sold_mw,9.7,2026-05-16T00:32:03
2025,8,Aug,6465a0b9-60b7-4edf-97f1-3cb3840b9a73,Mundra Solar Energy Limited,cell_sold_mw,10.94,2026-05-16T00:32:03
2025,9,Sep,6465a0b9-60b7-4edf-97f1-3cb3840b9a73,Mundra Solar Energy Limited,cell_sold_mw,6.7,2026-05-16T00:32:03
2025,10,Oct,6465a0b9-60b7-4edf-97f1-3cb3840b9a73,Mundra Solar Energy Limited,cell_sold_mw,3.81,2026-05-16T00:32:03
2025,11,Nov,6465a0b9-60b7-4edf-97f1-3cb3840b9a73,Mundra Solar Energy Limited,cell_sold_mw,3.81,2026-05-16T00:32:03
2025,12,Dec,6465a0b9-60b7-4edf-97f1-3cb3840b9a73,Mundra Solar Energy Limited,cell_sold_mw,0.0,2026-05-16T00:32:03
2025,1,Jan,75ae04be-db90-4f15-aca8-257f59d835be,Renew Photovoltaics Private Limited,cell_manufactured_mw,92.23,2026-05-16T00:32:03
2025,2,Feb,75ae04be-db90-4f15-aca8-257f59d835be,Renew Photovoltaics Private Limited,cell_manufactured_mw,113.35,2026-05-16T00:32:03
2025,3,Mar,75ae04be-db90-4f15-aca8-257f59d835be,Renew Photovoltaics Private Limited,cell_manufactured_mw,136.65,2026-05-16T00:32:03
2025,4,Apr,75ae04be-db90-4f15-aca8-257f59d835be,Renew Photovoltaics Private Limited,cell_manufactured_mw,139.68,2026-05-16T00:32:03
2025,5,May,75ae04be-db90-4f15-aca8-257f59d835be,Renew Photovoltaics Private Limited,cell_manufactured_mw,132.74,2026-05-16T00:32:03
2025,6,Jun,75ae04be-db90-4f15-aca8-257f59d835be,Renew Photovoltaics Private Limited,cell_manufactured_mw,157.97,2026-05-16T00:32:03
2025,7,Jul,75ae04be-db90-4f15-aca8-257f59d835be,Renew Photovoltaics Private Limited,cell_manufactured_mw,150.31,2026-05-16T00:32:03
2025,8,Aug,75ae04be-db90-4f15-aca8-257f59d835be,Renew Photovoltaics Private Limited,cell_manufactured_mw,155.68,2026-05-16T00:32:03
2025,9,Sep,75ae04be-db90-4f15-aca8-257f59d835be,Renew Photovoltaics Private Limited,cell_manufactured_mw,152.59,2026-05-16T00:32:03
2025,10,Oct,75ae04be-db90-4f15-aca8-257f59d835be,Renew Photovoltaics Private Limited,cell_manufactured_mw,150.33,2026-05-16T00:32:03
2025,11,Nov,75ae04be-db90-4f15-aca8-257f59d835be,Renew Photovoltaics Private Limited,cell_manufactured_mw,153.08,2026-05-16T00:32:03
2025,12,Dec,75ae04be-db90-4f15-aca8-257f59d835be,Renew Photovoltaics Private Limited,cell_manufactured_mw,166.11,2026-05-16T00:32:03
2025,1,Jan,75ae04be-db90-4f15-aca8-257f59d835be,Renew Photovoltaics Private Limited,cell_sold_mw,10.15,2026-05-16T00:32:03
2025,2,Feb,75ae04be-db90-4f15-aca8-257f59d835be,Renew Photovoltaics Private Limited,cell_sold_mw,11.03,2026-05-16T00:32:03
2025,3,Mar,75ae04be-db90-4f15-aca8-257f59d835be,Renew Photovoltaics Private Limited,cell_sold_mw,14.89,2026-05-16T00:32:03
2025,4,Apr,75ae04be-db90-4f15-aca8-257f59d835be,Renew Photovoltaics Private Limited,cell_sold_mw,17.33,2026-05-16T00:32:03
2025,5,May,75ae04be-db90-4f15-aca8-257f59d835be,Renew Photovoltaics Private Limited,cell_sold_mw,50.87,2026-05-16T00:32:03
2025,6,Jun,75ae04be-db90-4f15-aca8-257f59d835be,Renew Photovoltaics Private Limited,cell_sold_mw,73.15,2026-05-16T00:32:03
2025,7,Jul,75ae04be-db90-4f15-aca8-257f59d835be,Renew Photovoltaics Private Limited,cell_sold_mw,65.89,2026-05-16T00:32:03
2025,8,Aug,75ae04be-db90-4f15-aca8-257f59d835be,Renew Photovoltaics Private Limited,cell_sold_mw,66.25,2026-05-16T00:32:03
2025,9,Sep,75ae04be-db90-4f15-aca8-257f59d835be,Renew Photovoltaics Private Limited,cell_sold_mw,46.08,2026-05-16T00:32:03
2025,10,Oct,75ae04be-db90-4f15-aca8-257f59d835be,Renew Photovoltaics Private Limited,cell_sold_mw,27.91,2026-05-16T00:32:03
2025,11,Nov,75ae04be-db90-4f15-aca8-257f59d835be,Renew Photovoltaics Private Limited,cell_sold_mw,20.54,2026-05-16T00:32:03
2025,12,Dec,75ae04be-db90-4f15-aca8-257f59d835be,Renew Photovoltaics Private Limited,cell_sold_mw,58.16,2026-05-16T00:32:03
2025,1,Jan,4c494d96-d12f-4bd8-b9fd-6006841083a4,Waaree Energies Limited,cell_manufactured_mw,11.79,2026-05-16T00:32:03
2025,2,Feb,4c494d96-d12f-4bd8-b9fd-6006841083a4,Waaree Energies Limited,cell_manufactured_mw,33.29,2026-05-16T00:32:03
2025,3,Mar,4c494d96-d12f-4bd8-b9fd-6006841083a4,Waaree Energies Limited,cell_manufactured_mw,56.76,2026-05-16T00:32:03
2025,4,Apr,4c494d96-d12f-4bd8-b9fd-6006841083a4,Waaree Energies Limited,cell_manufactured_mw,76.42,2026-05-16T00:32:03
2025,5,May,4c494d96-d12f-4bd8-b9fd-6006841083a4,Waaree Energies Limited,cell_manufactured_mw,90.67,2026-05-16T00:32:03
2025,6,Jun,4c494d96-d12f-4bd8-b9fd-6006841083a4,Waaree Energies Limited,cell_manufactured_mw,92.41,2026-05-16T00:32:03
2025,7,Jul,4c494d96-d12f-4bd8-b9fd-6006841083a4,Waaree Energies Limited,cell_manufactured_mw,168.68,2026-05-16T00:32:03
2025,8,Aug,4c494d96-d12f-4bd8-b9fd-6006841083a4,Waaree Energies Limited,cell_manufactured_mw,209.68,2026-05-16T00:32:03
2025,9,Sep,4c494d96-d12f-4bd8-b9fd-6006841083a4,Waaree Energies Limited,cell_manufactured_mw,197.63,2026-05-16T00:32:03
2025,10,Oct,4c494d96-d12f-4bd8-b9fd-6006841083a4,Waaree Energies Limited,cell_manufactured_mw,166.38,2026-05-16T00:32:03
2025,11,Nov,4c494d96-d12f-4bd8-b9fd-6006841083a4,Waaree Energies Limited,cell_manufactured_mw,278.23,2026-05-16T00:32:03
2025,12,Dec,4c494d96-d12f-4bd8-b9fd-6006841083a4,Waaree Energies Limited,cell_manufactured_mw,311.91,2026-05-16T00:32:03
2025,1,Jan,4c494d96-d12f-4bd8-b9fd-6006841083a4,Waaree Energies Limited,cell_sold_mw,0.0,2026-05-16T00:32:03
2025,2,Feb,4c494d96-d12f-4bd8-b9fd-6006841083a4,Waaree Energies Limited,cell_sold_mw,0.0,2026-05-16T00:32:03
2025,3,Mar,4c494d96-d12f-4bd8-b9fd-6006841083a4,Waaree Energies Limited,cell_sold_mw,0.0,2026-05-16T00:32:03
2025,4,Apr,4c494d96-d12f-4bd8-b9fd-6006841083a4,Waaree Energies Limited,cell_sold_mw,0.0,2026-05-16T00:32:03
2025,5,May,4c494d96-d12f-4bd8-b9fd-6006841083a4,Waaree Energies Limited,cell_sold_mw,0.0,2026-05-16T00:32:03
2025,6,Jun,4c494d96-d12f-4bd8-b9fd-6006841083a4,Waaree Energies Limited,cell_sold_mw,0.0,2026-05-16T00:32:03
2025,7,Jul,4c494d96-d12f-4bd8-b9fd-6006841083a4,Waaree Energies Limited,cell_sold_mw,0.0,2026-05-16T00:32:03
2025,8,Aug,4c494d96-d12f-4bd8-b9fd-6006841083a4,Waaree Energies Limited,cell_sold_mw,44.0,2026-05-16T00:32:03
2025,9,Sep,4c494d96-d12f-4bd8-b9fd-6006841083a4,Waaree Energies Limited,cell_sold_mw,46.88,2026-05-16T00:32:03
2025,10,Oct,4c494d96-d12f-4bd8-b9fd-6006841083a4,Waaree Energies Limited,cell_sold_mw,45.04,2026-05-16T00:32:03
2025,11,Nov,4c494d96-d12f-4bd8-b9fd-6006841083a4,Waaree Energies Limited,cell_sold_mw,92.96,2026-05-16T00:32:03
2025,12,Dec,4c494d96-d12f-4bd8-b9fd-6006841083a4,Waaree Energies Limited,cell_sold_mw,45.33,2026-05-16T00:32:03
2025,1,Jan,fbdaf772-c6e6-4c5d-81ce-e57be7b79d5c,Emmvee Energy Private Limited,cell_manufactured_mw,59.66,2026-05-16T00:32:03
2025,2,Feb,fbdaf772-c6e6-4c5d-81ce-e57be7b79d5c,Emmvee Energy Private Limited,cell_manufactured_mw,100.53,2026-05-16T00:32:03
2025,3,Mar,fbdaf772-c6e6-4c5d-81ce-e57be7b79d5c,Emmvee Energy Private Limited,cell_manufactured_mw,81.24,2026-05-16T00:32:03
2025,4,Apr,fbdaf772-c6e6-4c5d-81ce-e57be7b79d5c,Emmvee Energy Private Limited,cell_manufactured_mw,161.43,2026-05-16T00:32:03
2025,5,May,fbdaf772-c6e6-4c5d-81ce-e57be7b79d5c,Emmvee Energy Private Limited,cell_manufactured_mw,95.65,2026-05-16T00:32:03
2025,6,Jun,fbdaf772-c6e6-4c5d-81ce-e57be7b79d5c,Emmvee Energy Private Limited,cell_manufactured_mw,130.67,2026-05-16T00:32:03
2025,7,Jul,fbdaf772-c6e6-4c5d-81ce-e57be7b79d5c,Emmvee Energy Private Limited,cell_manufactured_mw,126.61,2026-05-16T00:32:03
2025,8,Aug,fbdaf772-c6e6-4c5d-81ce-e57be7b79d5c,Emmvee Energy Private Limited,cell_manufactured_mw,111.61,2026-05-16T00:32:03
2025,9,Sep,fbdaf772-c6e6-4c5d-81ce-e57be7b79d5c,Emmvee Energy Private Limited,cell_manufactured_mw,135.58,2026-05-16T00:32:03
2025,10,Oct,fbdaf772-c6e6-4c5d-81ce-e57be7b79d5c,Emmvee Energy Private Limited,cell_manufactured_mw,132.06,2026-05-16T00:32:03
2025,11,Nov,fbdaf772-c6e6-4c5d-81ce-e57be7b79d5c,Emmvee Energy Private Limited,cell_manufactured_mw,144.72,2026-05-16T00:32:03
2025,12,Dec,fbdaf772-c6e6-4c5d-81ce-e57be7b79d5c,Emmvee Energy Private Limited,cell_manufactured_mw,135.0,2026-05-16T00:32:03
2025,1,Jan,fbdaf772-c6e6-4c5d-81ce-e57be7b79d5c,Emmvee Energy Private Limited,cell_sold_mw,0.0,2026-05-16T00:32:03
2025,2,Feb,fbdaf772-c6e6-4c5d-81ce-e57be7b79d5c,Emmvee Energy Private Limited,cell_sold_mw,0.0,2026-05-16T00:32:03
2025,3,Mar,fbdaf772-c6e6-4c5d-81ce-e57be7b79d5c,Emmvee Energy Private Limited,cell_sold_mw,61.74,2026-05-16T00:32:03
2025,4,Apr,fbdaf772-c6e6-4c5d-81ce-e57be7b79d5c,Emmvee Energy Private Limited,cell_sold_mw,6.84,2026-05-16T00:32:03
2025,5,May,fbdaf772-c6e6-4c5d-81ce-e57be7b79d5c,Emmvee Energy Private Limited,cell_sold_mw,11.87,2026-05-16T00:32:03
2025,6,Jun,fbdaf772-c6e6-4c5d-81ce-e57be7b79d5c,Emmvee Energy Private Limited,cell_sold_mw,26.55,2026-05-16T00:32:03
2025,7,Jul,fbdaf772-c6e6-4c5d-81ce-e57be7b79d5c,Emmvee Energy Private Limited,cell_sold_mw,28.23,2026-05-16T00:32:03
2025,8,Aug,fbdaf772-c6e6-4c5d-81ce-e57be7b79d5c,Emmvee Energy Private Limited,cell_sold_mw,16.46,2026-05-16T00:32:03
2025,9,Sep,fbdaf772-c6e6-4c5d-81ce-e57be7b79d5c,Emmvee Energy Private Limited,cell_sold_mw,7.64,2026-05-16T00:32:03
2025,10,Oct,fbdaf772-c6e6-4c5d-81ce-e57be7b79d5c,Emmvee Energy Private Limited,cell_sold_mw,4.06,2026-05-16T00:32:03
2025,11,Nov,fbdaf772-c6e6-4c5d-81ce-e57be7b79d5c,Emmvee Energy Private Limited,cell_sold_mw,6.56,2026-05-16T00:32:03
2025,12,Dec,fbdaf772-c6e6-4c5d-81ce-e57be7b79d5c,Emmvee Energy Private Limited,cell_sold_mw,20.51,2026-05-16T00:32:03
2025,1,Jan,e624e730-20a1-4a69-a03f-cc31ce053323,Mundra Solar PV Limited,cell_manufactured_mw,139.3,2026-05-16T00:32:03
2025,2,Feb,e624e730-20a1-4a69-a03f-cc31ce053323,Mundra Solar PV Limited,cell_manufactured_mw,113.82,2026-05-16T00:32:03
2025,3,Mar,e624e730-20a1-4a69-a03f-cc31ce053323,Mundra Solar PV Limited,cell_manufactured_mw,116.66,2026-05-16T00:32:03
2025,4,Apr,e624e730-20a1-4a69-a03f-cc31ce053323,Mundra Solar PV Limited,cell_manufactured_mw,65.27,2026-05-16T00:32:03
2025,5,May,e624e730-20a1-4a69-a03f-cc31ce053323,Mundra Solar PV Limited,cell_manufactured_mw,82.81,2026-05-16T00:32:03
2025,6,Jun,e624e730-20a1-4a69-a03f-cc31ce053323,Mundra Solar PV Limited,cell_manufactured_mw,52.15,2026-05-16T00:32:03
2025,7,Jul,e624e730-20a1-4a69-a03f-cc31ce053323,Mundra Solar PV Limited,cell_manufactured_mw,54.8,2026-05-16T00:32:03
2025,8,Aug,e624e730-20a1-4a69-a03f-cc31ce053323,Mundra Solar PV Limited,cell_manufactured_mw,101.49,2026-05-16T00:32:03
2025,9,Sep,e624e730-20a1-4a69-a03f-cc31ce053323,Mundra Solar PV Limited,cell_manufactured_mw,135.73,2026-05-16T00:32:03
2025,10,Oct,e624e730-20a1-4a69-a03f-cc31ce053323,Mundra Solar PV Limited,cell_manufactured_mw,127.56,2026-05-16T00:32:03
2025,11,Nov,e624e730-20a1-4a69-a03f-cc31ce053323,Mundra Solar PV Limited,cell_manufactured_mw,100.25,2026-05-16T00:32:03
2025,12,Dec,e624e730-20a1-4a69-a03f-cc31ce053323,Mundra Solar PV Limited,cell_manufactured_mw,91.25,2026-05-16T00:32:03
2025,1,Jan,e624e730-20a1-4a69-a03f-cc31ce053323,Mundra Solar PV Limited,cell_sold_mw,47.48,2026-05-16T00:32:03
2025,2,Feb,e624e730-20a1-4a69-a03f-cc31ce053323,Mundra Solar PV Limited,cell_sold_mw,22.28,2026-05-16T00:32:03
2025,3,Mar,e624e730-20a1-4a69-a03f-cc31ce053323,Mundra Solar PV Limited,cell_sold_mw,86.98,2026-05-16T00:32:03
2025,4,Apr,e624e730-20a1-4a69-a03f-cc31ce053323,Mundra Solar PV Limited,cell_sold_mw,4.94,2026-05-16T00:32:03
2025,5,May,e624e730-20a1-4a69-a03f-cc31ce053323,Mundra Solar PV Limited,cell_sold_mw,50.61,2026-05-16T00:32:03
2025,6,Jun,e624e730-20a1-4a69-a03f-cc31ce053323,Mundra Solar PV Limited,cell_sold_mw,60.15,2026-05-16T00:32:03
2025,7,Jul,e624e730-20a1-4a69-a03f-cc31ce053323,Mundra Solar PV Limited,cell_sold_mw,19.03,2026-05-16T00:32:03
2025,8,Aug,e624e730-20a1-4a69-a03f-cc31ce053323,Mundra Solar PV Limited,cell_sold_mw,25.85,2026-05-16T00:32:03
2025,9,Sep,e624e730-20a1-4a69-a03f-cc31ce053323,Mundra Solar PV Limited,cell_sold_mw,40.25,2026-05-16T00:32:03
2025,10,Oct,e624e730-20a1-4a69-a03f-cc31ce053323,Mundra Solar PV Limited,cell_sold_mw,0.0,2026-05-16T00:32:03
2025,11,Nov,e624e730-20a1-4a69-a03f-cc31ce053323,Mundra Solar PV Limited,cell_sold_mw,0.0,2026-05-16T00:32:03
2025,12,Dec,e624e730-20a1-4a69-a03f-cc31ce053323,Mundra Solar PV Limited,cell_sold_mw,0.0,2026-05-16T00:32:03
2025,1,Jan,ae181577-a115-475f-a06c-730423feba86,Premier Energies Photovoltaic Private Limited,cell_manufactured_mw,82.58,2026-05-16T00:32:03
2025,2,Feb,ae181577-a115-475f-a06c-730423feba86,Premier Energies Photovoltaic Private Limited,cell_manufactured_mw,90.59,2026-05-16T00:32:03
2025,3,Mar,ae181577-a115-475f-a06c-730423feba86,Premier Energies Photovoltaic Private Limited,cell_manufactured_mw,63.02,2026-05-16T00:32:03
2025,4,Apr,ae181577-a115-475f-a06c-730423feba86,Premier Energies Photovoltaic Private Limited,cell_manufactured_mw,77.99,2026-05-16T00:32:03
2025,5,May,ae181577-a115-475f-a06c-730423feba86,Premier Energies Photovoltaic Private Limited,cell_manufactured_mw,65.33,2026-05-16T00:32:03
2025,6,Jun,ae181577-a115-475f-a06c-730423feba86,Premier Energies Photovoltaic Private Limited,cell_manufactured_mw,61.99,2026-05-16T00:32:03
2025,7,Jul,ae181577-a115-475f-a06c-730423feba86,Premier Energies Photovoltaic Private Limited,cell_manufactured_mw,60.66,2026-05-16T00:32:03
2025,8,Aug,ae181577-a115-475f-a06c-730423feba86,Premier Energies Photovoltaic Private Limited,cell_manufactured_mw,68.29,2026-05-16T00:32:03
2025,9,Sep,ae181577-a115-475f-a06c-730423feba86,Premier Energies Photovoltaic Private Limited,cell_manufactured_mw,88.62,2026-05-16T00:32:03
2025,10,Oct,ae181577-a115-475f-a06c-730423feba86,Premier Energies Photovoltaic Private Limited,cell_manufactured_mw,91.98,2026-05-16T00:32:03
2025,11,Nov,ae181577-a115-475f-a06c-730423feba86,Premier Energies Photovoltaic Private Limited,cell_manufactured_mw,104.01,2026-05-16T00:32:03
2025,12,Dec,ae181577-a115-475f-a06c-730423feba86,Premier Energies Photovoltaic Private Limited,cell_manufactured_mw,116.87,2026-05-16T00:32:03
2025,1,Jan,ae181577-a115-475f-a06c-730423feba86,Premier Energies Photovoltaic Private Limited,cell_sold_mw,47.66,2026-05-16T00:32:03
2025,2,Feb,ae181577-a115-475f-a06c-730423feba86,Premier Energies Photovoltaic Private Limited,cell_sold_mw,39.52,2026-05-16T00:32:03
2025,3,Mar,ae181577-a115-475f-a06c-730423feba86,Premier Energies Photovoltaic Private Limited,cell_sold_mw,14.69,2026-05-16T00:32:03
2025,4,Apr,ae181577-a115-475f-a06c-730423feba86,Premier Energies Photovoltaic Private Limited,cell_sold_mw,29.75,2026-05-16T00:32:03
2025,5,May,ae181577-a115-475f-a06c-730423feba86,Premier Energies Photovoltaic Private Limited,cell_sold_mw,37.04,2026-05-16T00:32:03
2025,6,Jun,ae181577-a115-475f-a06c-730423feba86,Premier Energies Photovoltaic Private Limited,cell_sold_mw,40.0,2026-05-16T00:32:03
2025,7,Jul,ae181577-a115-475f-a06c-730423feba86,Premier Energies Photovoltaic Private Limited,cell_sold_mw,31.45,2026-05-16T00:32:03
2025,8,Aug,ae181577-a115-475f-a06c-730423feba86,Premier Energies Photovoltaic Private Limited,cell_sold_mw,57.17,2026-05-16T00:32:03
2025,9,Sep,ae181577-a115-475f-a06c-730423feba86,Premier Energies Photovoltaic Private Limited,cell_sold_mw,59.0,2026-05-16T00:32:03
2025,10,Oct,ae181577-a115-475f-a06c-730423feba86,Premier Energies Photovoltaic Private Limited,cell_sold_mw,27.33,2026-05-16T00:32:03
2025,11,Nov,ae181577-a115-475f-a06c-730423feba86,Premier Energies Photovoltaic Private Limited,cell_sold_mw,19.2,2026-05-16T00:32:03
2025,12,Dec,ae181577-a115-475f-a06c-730423feba86,Premier Energies Photovoltaic Private Limited,cell_sold_mw,37.39,2026-05-16T00:32:03
2025,1,Jan,a3a30153-8923-4936-a88b-0b22460e71a8,Premier Energies International Private Limited,cell_manufactured_mw,40.7,2026-05-16T00:32:03
2025,2,Feb,a3a30153-8923-4936-a88b-0b22460e71a8,Premier Energies International Private Limited,cell_manufactured_mw,42.03,2026-05-16T00:32:03
2025,3,Mar,a3a30153-8923-4936-a88b-0b22460e71a8,Premier Energies International Private Limited,cell_manufactured_mw,70.86,2026-05-16T00:32:03
2025,4,Apr,a3a30153-8923-4936-a88b-0b22460e71a8,Premier Energies International Private Limited,cell_manufactured_mw,52.23,2026-05-16T00:32:03
2025,5,May,a3a30153-8923-4936-a88b-0b22460e71a8,Premier Energies International Private Limited,cell_manufactured_mw,93.0,2026-05-16T00:32:03
2025,6,Jun,a3a30153-8923-4936-a88b-0b22460e71a8,Premier Energies International Private Limited,cell_manufactured_mw,96.22,2026-05-16T00:32:03
2025,7,Jul,a3a30153-8923-4936-a88b-0b22460e71a8,Premier Energies International Private Limited,cell_manufactured_mw,97.66,2026-05-16T00:32:03
2025,8,Aug,a3a30153-8923-4936-a88b-0b22460e71a8,Premier Energies International Private Limited,cell_manufactured_mw,97.24,2026-05-16T00:32:03
2025,9,Sep,a3a30153-8923-4936-a88b-0b22460e71a8,Premier Energies International Private Limited,cell_manufactured_mw,94.07,2026-05-16T00:32:03
2025,10,Oct,a3a30153-8923-4936-a88b-0b22460e71a8,Premier Energies International Private Limited,cell_manufactured_mw,90.96,2026-05-16T00:32:03
2025,11,Nov,a3a30153-8923-4936-a88b-0b22460e71a8,Premier Energies International Private Limited,cell_manufactured_mw,91.79,2026-05-16T00:32:03
2025,12,Dec,a3a30153-8923-4936-a88b-0b22460e71a8,Premier Energies International Private Limited,cell_manufactured_mw,93.72,2026-05-16T00:32:03
2025,1,Jan,a3a30153-8923-4936-a88b-0b22460e71a8,Premier Energies International Private Limited,cell_sold_mw,76.63,2026-05-16T00:32:03
2025,2,Feb,a3a30153-8923-4936-a88b-0b22460e71a8,Premier Energies International Private Limited,cell_sold_mw,60.09,2026-05-16T00:32:03
2025,3,Mar,a3a30153-8923-4936-a88b-0b22460e71a8,Premier Energies International Private Limited,cell_sold_mw,49.08,2026-05-16T00:32:03
2025,4,Apr,a3a30153-8923-4936-a88b-0b22460e71a8,Premier Energies International Private Limited,cell_sold_mw,36.28,2026-05-16T00:32:03
2025,5,May,a3a30153-8923-4936-a88b-0b22460e71a8,Premier Energies International Private Limited,cell_sold_mw,107.66,2026-05-16T00:32:03
2025,6,Jun,a3a30153-8923-4936-a88b-0b22460e71a8,Premier Energies International Private Limited,cell_sold_mw,98.96,2026-05-16T00:32:03
2025,7,Jul,a3a30153-8923-4936-a88b-0b22460e71a8,Premier Energies International Private Limited,cell_sold_mw,57.99,2026-05-16T00:32:03
2025,8,Aug,a3a30153-8923-4936-a88b-0b22460e71a8,Premier Energies International Private Limited,cell_sold_mw,109.55,2026-05-16T00:32:03
2025,9,Sep,a3a30153-8923-4936-a88b-0b22460e71a8,Premier Energies International Private Limited,cell_sold_mw,109.22,2026-05-16T00:32:03
2025,10,Oct,a3a30153-8923-4936-a88b-0b22460e71a8,Premier Energies International Private Limited,cell_sold_mw,77.37,2026-05-16T00:32:03
2025,11,Nov,a3a30153-8923-4936-a88b-0b22460e71a8,Premier Energies International Private Limited,cell_sold_mw,51.03,2026-05-16T00:32:03
2025,12,Dec,a3a30153-8923-4936-a88b-0b22460e71a8,Premier Energies International Private Limited,cell_sold_mw,78.01,2026-05-16T00:32:03
2025,1,Jan,9d98d3e6-0379-4589-ba0e-d704fdcdb57f,Jupiter International Limited,cell_manufactured_mw,34.71,2026-05-16T00:32:03
2025,2,Feb,9d98d3e6-0379-4589-ba0e-d704fdcdb57f,Jupiter International Limited,cell_manufactured_mw,33.68,2026-05-16T00:32:03
2025,3,Mar,9d98d3e6-0379-4589-ba0e-d704fdcdb57f,Jupiter International Limited,cell_manufactured_mw,47.92,2026-05-16T00:32:03
2025,4,Apr,9d98d3e6-0379-4589-ba0e-d704fdcdb57f,Jupiter International Limited,cell_manufactured_mw,53.84,2026-05-16T00:32:03
2025,5,May,9d98d3e6-0379-4589-ba0e-d704fdcdb57f,Jupiter International Limited,cell_manufactured_mw,60.1,2026-05-16T00:32:03
2025,6,Jun,9d98d3e6-0379-4589-ba0e-d704fdcdb57f,Jupiter International Limited,cell_manufactured_mw,57.3,2026-05-16T00:32:03
2025,7,Jul,9d98d3e6-0379-4589-ba0e-d704fdcdb57f,Jupiter International Limited,cell_manufactured_mw,58.65,2026-05-16T00:32:03
2025,8,Aug,9d98d3e6-0379-4589-ba0e-d704fdcdb57f,Jupiter International Limited,cell_manufactured_mw,58.91,2026-05-16T00:32:03
2025,9,Sep,9d98d3e6-0379-4589-ba0e-d704fdcdb57f,Jupiter International Limited,cell_manufactured_mw,63.24,2026-05-16T00:32:03
2025,10,Oct,9d98d3e6-0379-4589-ba0e-d704fdcdb57f,Jupiter International Limited,cell_manufactured_mw,64.41,2026-05-16T00:32:03
2025,11,Nov,9d98d3e6-0379-4589-ba0e-d704fdcdb57f,Jupiter International Limited,cell_manufactured_mw,47.27,2026-05-16T00:32:03
2025,12,Dec,9d98d3e6-0379-4589-ba0e-d704fdcdb57f,Jupiter International Limited,cell_manufactured_mw,37.66,2026-05-16T00:32:03
2025,1,Jan,9d98d3e6-0379-4589-ba0e-d704fdcdb57f,Jupiter International Limited,cell_sold_mw,37.07,2026-05-16T00:32:03
2025,2,Feb,9d98d3e6-0379-4589-ba0e-d704fdcdb57f,Jupiter International Limited,cell_sold_mw,32.89,2026-05-16T00:32:03
2025,3,Mar,9d98d3e6-0379-4589-ba0e-d704fdcdb57f,Jupiter International Limited,cell_sold_mw,48.92,2026-05-16T00:32:03
2025,4,Apr,9d98d3e6-0379-4589-ba0e-d704fdcdb57f,Jupiter International Limited,cell_sold_mw,53.56,2026-05-16T00:32:03
2025,5,May,9d98d3e6-0379-4589-ba0e-d704fdcdb57f,Jupiter International Limited,cell_sold_mw,60.1,2026-05-16T00:32:03
2025,6,Jun,9d98d3e6-0379-4589-ba0e-d704fdcdb57f,Jupiter International Limited,cell_sold_mw,55.09,2026-05-16T00:32:03
2025,7,Jul,9d98d3e6-0379-4589-ba0e-d704fdcdb57f,Jupiter International Limited,cell_sold_mw,60.04,2026-05-16T00:32:03
2025,8,Aug,9d98d3e6-0379-4589-ba0e-d704fdcdb57f,Jupiter International Limited,cell_sold_mw,57.38,2026-05-16T00:32:03
2025,9,Sep,9d98d3e6-0379-4589-ba0e-d704fdcdb57f,Jupiter International Limited,cell_sold_mw,62.5,2026-05-16T00:32:03
2025,10,Oct,9d98d3e6-0379-4589-ba0e-d704fdcdb57f,Jupiter International Limited,cell_sold_mw,47.11,2026-05-16T00:32:03
2025,11,Nov,9d98d3e6-0379-4589-ba0e-d704fdcdb57f,Jupiter International Limited,cell_sold_mw,29.84,2026-05-16T00:32:03
2025,12,Dec,9d98d3e6-0379-4589-ba0e-d704fdcdb57f,Jupiter International Limited,cell_sold_mw,43.6,2026-05-16T00:32:03
2025,1,Jan,febe12df-4860-41e4-ba61-6a9615bd17a7,Websol Energy System Limited,cell_manufactured_mw,23.8,2026-05-16T00:32:03
2025,2,Feb,febe12df-4860-41e4-ba61-6a9615bd17a7,Websol Energy System Limited,cell_manufactured_mw,30.33,2026-05-16T00:32:03
2025,3,Mar,febe12df-4860-41e4-ba61-6a9615bd17a7,Websol Energy System Limited,cell_manufactured_mw,62.41,2026-05-16T00:32:03
2025,4,Apr,febe12df-4860-41e4-ba61-6a9615bd17a7,Websol Energy System Limited,cell_manufactured_mw,40.5,2026-05-16T00:32:03
2025,5,May,febe12df-4860-41e4-ba61-6a9615bd17a7,Websol Energy System Limited,cell_manufactured_mw,51.03,2026-05-16T00:32:03
2025,6,Jun,febe12df-4860-41e4-ba61-6a9615bd17a7,Websol Energy System Limited,cell_manufactured_mw,40.07,2026-05-16T00:32:03
2025,7,Jul,febe12df-4860-41e4-ba61-6a9615bd17a7,Websol Energy System Limited,cell_manufactured_mw,18.16,2026-05-16T00:32:03
2025,8,Aug,febe12df-4860-41e4-ba61-6a9615bd17a7,Websol Energy System Limited,cell_manufactured_mw,58.2,2026-05-16T00:32:03
2025,9,Sep,febe12df-4860-41e4-ba61-6a9615bd17a7,Websol Energy System Limited,cell_manufactured_mw,29.02,2026-05-16T00:32:03
2025,10,Oct,febe12df-4860-41e4-ba61-6a9615bd17a7,Websol Energy System Limited,cell_manufactured_mw,61.16,2026-05-16T00:32:03
2025,11,Nov,febe12df-4860-41e4-ba61-6a9615bd17a7,Websol Energy System Limited,cell_manufactured_mw,75.57,2026-05-16T00:32:03
2025,12,Dec,febe12df-4860-41e4-ba61-6a9615bd17a7,Websol Energy System Limited,cell_manufactured_mw,75.21,2026-05-16T00:32:03
2025,1,Jan,febe12df-4860-41e4-ba61-6a9615bd17a7,Websol Energy System Limited,cell_sold_mw,37.17,2026-05-16T00:32:03
2025,2,Feb,febe12df-4860-41e4-ba61-6a9615bd17a7,Websol Energy System Limited,cell_sold_mw,37.03,2026-05-16T00:32:03
2025,3,Mar,febe12df-4860-41e4-ba61-6a9615bd17a7,Websol Energy System Limited,cell_sold_mw,36.21,2026-05-16T00:32:03
2025,4,Apr,febe12df-4860-41e4-ba61-6a9615bd17a7,Websol Energy System Limited,cell_sold_mw,36.37,2026-05-16T00:32:03
2025,5,May,febe12df-4860-41e4-ba61-6a9615bd17a7,Websol Energy System Limited,cell_sold_mw,29.8,2026-05-16T00:32:03
2025,6,Jun,febe12df-4860-41e4-ba61-6a9615bd17a7,Websol Energy System Limited,cell_sold_mw,35.75,2026-05-16T00:32:03
2025,7,Jul,febe12df-4860-41e4-ba61-6a9615bd17a7,Websol Energy System Limited,cell_sold_mw,13.72,2026-05-16T00:32:03
2025,8,Aug,febe12df-4860-41e4-ba61-6a9615bd17a7,Websol Energy System Limited,cell_sold_mw,27.11,2026-05-16T00:32:03
2025,9,Sep,febe12df-4860-41e4-ba61-6a9615bd17a7,Websol Energy System Limited,cell_sold_mw,46.77,2026-05-16T00:32:03
2025,10,Oct,febe12df-4860-41e4-ba61-6a9615bd17a7,Websol Energy System Limited,cell_sold_mw,10.17,2026-05-16T00:32:03
2025,11,Nov,febe12df-4860-41e4-ba61-6a9615bd17a7,Websol Energy System Limited,cell_sold_mw,27.56,2026-05-16T00:32:03
2025,12,Dec,febe12df-4860-41e4-ba61-6a9615bd17a7,Websol Energy System Limited,cell_sold_mw,78.85,2026-05-16T00:32:03
2025,1,Jan,ef691f5a-e049-46f5-8d79-6b8547dc632b,Evervolt Solar Technology India Private Limited,cell_manufactured_mw,0.0,2026-05-16T00:32:03
2025,2,Feb,ef691f5a-e049-46f5-8d79-6b8547dc632b,Evervolt Solar Technology India Private Limited,cell_manufactured_mw,0.0,2026-05-16T00:32:03
2025,3,Mar,ef691f5a-e049-46f5-8d79-6b8547dc632b,Evervolt Solar Technology India Private Limited,cell_manufactured_mw,0.0,2026-05-16T00:32:03
2025,4,Apr,ef691f5a-e049-46f5-8d79-6b8547dc632b,Evervolt Solar Technology India Private Limited,cell_manufactured_mw,6.0,2026-05-16T00:32:03
2025,5,May,ef691f5a-e049-46f5-8d79-6b8547dc632b,Evervolt Solar Technology India Private Limited,cell_manufactured_mw,7.63,2026-05-16T00:32:03
2025,6,Jun,ef691f5a-e049-46f5-8d79-6b8547dc632b,Evervolt Solar Technology India Private Limited,cell_manufactured_mw,27.1,2026-05-16T00:32:03
2025,7,Jul,ef691f5a-e049-46f5-8d79-6b8547dc632b,Evervolt Solar Technology India Private Limited,cell_manufactured_mw,41.04,2026-05-16T00:32:03
2025,8,Aug,ef691f5a-e049-46f5-8d79-6b8547dc632b,Evervolt Solar Technology India Private Limited,cell_manufactured_mw,30.05,2026-05-16T00:32:03
2025,9,Sep,ef691f5a-e049-46f5-8d79-6b8547dc632b,Evervolt Solar Technology India Private Limited,cell_manufactured_mw,52.52,2026-05-16T00:32:03
2025,10,Oct,ef691f5a-e049-46f5-8d79-6b8547dc632b,Evervolt Solar Technology India Private Limited,cell_manufactured_mw,52.7,2026-05-16T00:32:03
2025,11,Nov,ef691f5a-e049-46f5-8d79-6b8547dc632b,Evervolt Solar Technology India Private Limited,cell_manufactured_mw,37.77,2026-05-16T00:32:03
2025,12,Dec,ef691f5a-e049-46f5-8d79-6b8547dc632b,Evervolt Solar Technology India Private Limited,cell_manufactured_mw,34.63,2026-05-16T00:32:03
2025,1,Jan,ef691f5a-e049-46f5-8d79-6b8547dc632b,Evervolt Solar Technology India Private Limited,cell_sold_mw,0.0,2026-05-16T00:32:03
2025,2,Feb,ef691f5a-e049-46f5-8d79-6b8547dc632b,Evervolt Solar Technology India Private Limited,cell_sold_mw,0.0,2026-05-16T00:32:03
2025,3,Mar,ef691f5a-e049-46f5-8d79-6b8547dc632b,Evervolt Solar Technology India Private Limited,cell_sold_mw,0.0,2026-05-16T00:32:03
2025,4,Apr,ef691f5a-e049-46f5-8d79-6b8547dc632b,Evervolt Solar Technology India Private Limited,cell_sold_mw,5.22,2026-05-16T00:32:03
2025,5,May,ef691f5a-e049-46f5-8d79-6b8547dc632b,Evervolt Solar Technology India Private Limited,cell_sold_mw,6.97,2026-05-16T00:32:03
2025,6,Jun,ef691f5a-e049-46f5-8d79-6b8547dc632b,Evervolt Solar Technology India Private Limited,cell_sold_mw,27.79,2026-05-16T00:32:03
2025,7,Jul,ef691f5a-e049-46f5-8d79-6b8547dc632b,Evervolt Solar Technology India Private Limited,cell_sold_mw,37.81,2026-05-16T00:32:03
2025,8,Aug,ef691f5a-e049-46f5-8d79-6b8547dc632b,Evervolt Solar Technology India Private Limited,cell_sold_mw,23.13,2026-05-16T00:32:03
2025,9,Sep,ef691f5a-e049-46f5-8d79-6b8547dc632b,Evervolt Solar Technology India Private Limited,cell_sold_mw,42.93,2026-05-16T00:32:03
2025,10,Oct,ef691f5a-e049-46f5-8d79-6b8547dc632b,Evervolt Solar Technology India Private Limited,cell_sold_mw,34.68,2026-05-16T00:32:03
2025,11,Nov,ef691f5a-e049-46f5-8d79-6b8547dc632b,Evervolt Solar Technology India Private Limited,cell_sold_mw,18.93,2026-05-16T00:32:03
2025,12,Dec,ef691f5a-e049-46f5-8d79-6b8547dc632b,Evervolt Solar Technology India Private Limited,cell_sold_mw,22.11,2026-05-16T00:32:03
2025,1,Jan,91b24c33-c4b4-492e-91fe-abb42080a27d,Tata Power Renewable Energy Limited,cell_manufactured_mw,49.44,2026-05-16T00:32:03
2025,2,Feb,91b24c33-c4b4-492e-91fe-abb42080a27d,Tata Power Renewable Energy Limited,cell_manufactured_mw,20.2,2026-05-16T00:32:03
2025,3,Mar,91b24c33-c4b4-492e-91fe-abb42080a27d,Tata Power Renewable Energy Limited,cell_manufactured_mw,15.28,2026-05-16T00:32:03
2025,4,Apr,91b24c33-c4b4-492e-91fe-abb42080a27d,Tata Power Renewable Energy Limited,cell_manufactured_mw,17.75,2026-05-16T00:32:03
2025,5,May,91b24c33-c4b4-492e-91fe-abb42080a27d,Tata Power Renewable Energy Limited,cell_manufactured_mw,16.79,2026-05-16T00:32:03
2025,6,Jun,91b24c33-c4b4-492e-91fe-abb42080a27d,Tata Power Renewable Energy Limited,cell_manufactured_mw,9.61,2026-05-16T00:32:03
2025,7,Jul,91b24c33-c4b4-492e-91fe-abb42080a27d,Tata Power Renewable Energy Limited,cell_manufactured_mw,32.43,2026-05-16T00:32:03
2025,8,Aug,91b24c33-c4b4-492e-91fe-abb42080a27d,Tata Power Renewable Energy Limited,cell_manufactured_mw,19.02,2026-05-16T00:32:03
2025,9,Sep,91b24c33-c4b4-492e-91fe-abb42080a27d,Tata Power Renewable Energy Limited,cell_manufactured_mw,18.07,2026-05-16T00:32:03
2025,10,Oct,91b24c33-c4b4-492e-91fe-abb42080a27d,Tata Power Renewable Energy Limited,cell_manufactured_mw,19.57,2026-05-16T00:32:03
2025,11,Nov,91b24c33-c4b4-492e-91fe-abb42080a27d,Tata Power Renewable Energy Limited,cell_manufactured_mw,18.25,2026-05-16T00:32:03
2025,12,Dec,91b24c33-c4b4-492e-91fe-abb42080a27d,Tata Power Renewable Energy Limited,cell_manufactured_mw,18.29,2026-05-16T00:32:03
2025,1,Jan,91b24c33-c4b4-492e-91fe-abb42080a27d,Tata Power Renewable Energy Limited,cell_sold_mw,3.38,2026-05-16T00:32:03
2025,2,Feb,91b24c33-c4b4-492e-91fe-abb42080a27d,Tata Power Renewable Energy Limited,cell_sold_mw,6.54,2026-05-16T00:32:03
2025,3,Mar,91b24c33-c4b4-492e-91fe-abb42080a27d,Tata Power Renewable Energy Limited,cell_sold_mw,8.82,2026-05-16T00:32:03
2025,4,Apr,91b24c33-c4b4-492e-91fe-abb42080a27d,Tata Power Renewable Energy Limited,cell_sold_mw,0.0,2026-05-16T00:32:03
2025,5,May,91b24c33-c4b4-492e-91fe-abb42080a27d,Tata Power Renewable Energy Limited,cell_sold_mw,0.0,2026-05-16T00:32:03
2025,6,Jun,91b24c33-c4b4-492e-91fe-abb42080a27d,Tata Power Renewable Energy Limited,cell_sold_mw,3.06,2026-05-16T00:32:03
2025,7,Jul,91b24c33-c4b4-492e-91fe-abb42080a27d,Tata Power Renewable Energy Limited,cell_sold_mw,3.52,2026-05-16T00:32:03
2025,8,Aug,91b24c33-c4b4-492e-91fe-abb42080a27d,Tata Power Renewable Energy Limited,cell_sold_mw,0.0,2026-05-16T00:32:03
2025,9,Sep,91b24c33-c4b4-492e-91fe-abb42080a27d,Tata Power Renewable Energy Limited,cell_sold_mw,2.06,2026-05-16T00:32:03
2025,10,Oct,91b24c33-c4b4-492e-91fe-abb42080a27d,Tata Power Renewable Energy Limited,cell_sold_mw,0.0,2026-05-16T00:32:03
2025,11,Nov,91b24c33-c4b4-492e-91fe-abb42080a27d,Tata Power Renewable Energy Limited,cell_sold_mw,0.0,2026-05-16T00:32:03
2025,12,Dec,91b24c33-c4b4-492e-91fe-abb42080a27d,Tata Power Renewable Energy Limited,cell_sold_mw,0.0,2026-05-16T00:32:03
2025,1,Jan,8a29c14f-41fe-40db-b1d3-1769fb4dc2d9,Fujiyama Power Systems Limited,cell_manufactured_mw,0.0,2026-05-16T00:32:03
2025,2,Feb,8a29c14f-41fe-40db-b1d3-1769fb4dc2d9,Fujiyama Power Systems Limited,cell_manufactured_mw,0.0,2026-05-16T00:32:03
2025,3,Mar,8a29c14f-41fe-40db-b1d3-1769fb4dc2d9,Fujiyama Power Systems Limited,cell_manufactured_mw,0.0,2026-05-16T00:32:03
2025,4,Apr,8a29c14f-41fe-40db-b1d3-1769fb4dc2d9,Fujiyama Power Systems Limited,cell_manufactured_mw,0.0,2026-05-16T00:32:03
2025,5,May,8a29c14f-41fe-40db-b1d3-1769fb4dc2d9,Fujiyama Power Systems Limited,cell_manufactured_mw,0.0,2026-05-16T00:32:03
2025,6,Jun,8a29c14f-41fe-40db-b1d3-1769fb4dc2d9,Fujiyama Power Systems Limited,cell_manufactured_mw,0.0,2026-05-16T00:32:03
2025,7,Jul,8a29c14f-41fe-40db-b1d3-1769fb4dc2d9,Fujiyama Power Systems Limited,cell_manufactured_mw,0.0,2026-05-16T00:32:03
2025,8,Aug,8a29c14f-41fe-40db-b1d3-1769fb4dc2d9,Fujiyama Power Systems Limited,cell_manufactured_mw,0.0,2026-05-16T00:32:03
2025,9,Sep,8a29c14f-41fe-40db-b1d3-1769fb4dc2d9,Fujiyama Power Systems Limited,cell_manufactured_mw,0.0,2026-05-16T00:32:03
2025,10,Oct,8a29c14f-41fe-40db-b1d3-1769fb4dc2d9,Fujiyama Power Systems Limited,cell_manufactured_mw,0.0,2026-05-16T00:32:03
2025,11,Nov,8a29c14f-41fe-40db-b1d3-1769fb4dc2d9,Fujiyama Power Systems Limited,cell_manufactured_mw,0.0,2026-05-16T00:32:03
2025,12,Dec,8a29c14f-41fe-40db-b1d3-1769fb4dc2d9,Fujiyama Power Systems Limited,cell_manufactured_mw,1.29,2026-05-16T00:32:03
2025,1,Jan,8a29c14f-41fe-40db-b1d3-1769fb4dc2d9,Fujiyama Power Systems Limited,cell_sold_mw,0.0,2026-05-16T00:32:03
2025,2,Feb,8a29c14f-41fe-40db-b1d3-1769fb4dc2d9,Fujiyama Power Systems Limited,cell_sold_mw,0.0,2026-05-16T00:32:03
2025,3,Mar,8a29c14f-41fe-40db-b1d3-1769fb4dc2d9,Fujiyama Power Systems Limited,cell_sold_mw,0.0,2026-05-16T00:32:03
2025,4,Apr,8a29c14f-41fe-40db-b1d3-1769fb4dc2d9,Fujiyama Power Systems Limited,cell_sold_mw,0.0,2026-05-16T00:32:03
2025,5,May,8a29c14f-41fe-40db-b1d3-1769fb4dc2d9,Fujiyama Power Systems Limited,cell_sold_mw,0.0,2026-05-16T00:32:03
2025,6,Jun,8a29c14f-41fe-40db-b1d3-1769fb4dc2d9,Fujiyama Power Systems Limited,cell_sold_mw,0.0,2026-05-16T00:32:03
2025,7,Jul,8a29c14f-41fe-40db-b1d3-1769fb4dc2d9,Fujiyama Power Systems Limited,cell_sold_mw,0.0,2026-05-16T00:32:03
2025,8,Aug,8a29c14f-41fe-40db-b1d3-1769fb4dc2d9,Fujiyama Power Systems Limited,cell_sold_mw,0.0,2026-05-16T00:32:03
2025,9,Sep,8a29c14f-41fe-40db-b1d3-1769fb4dc2d9,Fujiyama Power Systems Limited,cell_sold_mw,0.0,2026-05-16T00:32:03
2025,10,Oct,8a29c14f-41fe-40db-b1d3-1769fb4dc2d9,Fujiyama Power Systems Limited,cell_sold_mw,0.0,2026-05-16T00:32:03
2025,11,Nov,8a29c14f-41fe-40db-b1d3-1769fb4dc2d9,Fujiyama Power Systems Limited,cell_sold_mw,0.0,2026-05-16T00:32:03
2025,12,Dec,8a29c14f-41fe-40db-b1d3-1769fb4dc2d9,Fujiyama Power Systems Limited,cell_sold_mw,0.85,2026-05-16T00:32:03
2026,1,Jan,,All Manufacturers,cell_manufactured_mw,1934.39,2026-05-16T00:32:03
2026,2,Feb,,All Manufacturers,cell_manufactured_mw,1740.92,2026-05-16T00:32:03
2026,3,Mar,,All Manufacturers,cell_manufactured_mw,1942.31,2026-05-16T00:32:03
2026,4,Apr,,All Manufacturers,cell_manufactured_mw,1768.77,2026-05-16T00:32:03
2026,5,May,,All Manufacturers,cell_manufactured_mw,397.08,2026-05-16T00:32:03
2026,6,Jun,,All Manufacturers,cell_manufactured_mw,0.0,2026-05-16T00:32:03
2026,7,Jul,,All Manufacturers,cell_manufactured_mw,0.0,2026-05-16T00:32:03
2026,8,Aug,,All Manufacturers,cell_manufactured_mw,0.0,2026-05-16T00:32:03
2026,9,Sep,,All Manufacturers,cell_manufactured_mw,0.0,2026-05-16T00:32:03
2026,10,Oct,,All Manufacturers,cell_manufactured_mw,0.0,2026-05-16T00:32:03
2026,11,Nov,,All Manufacturers,cell_manufactured_mw,0.0,2026-05-16T00:32:03
2026,12,Dec,,All Manufacturers,cell_manufactured_mw,0.0,2026-05-16T00:32:03
2026,1,Jan,,All Manufacturers,cell_sold_mw,575.71,2026-05-16T00:32:03
2026,2,Feb,,All Manufacturers,cell_sold_mw,809.37,2026-05-16T00:32:03
2026,3,Mar,,All Manufacturers,cell_sold_mw,1029.38,2026-05-16T00:32:03
2026,4,Apr,,All Manufacturers,cell_sold_mw,696.72,2026-05-16T00:32:03
2026,5,May,,All Manufacturers,cell_sold_mw,317.32,2026-05-16T00:32:03
2026,6,Jun,,All Manufacturers,cell_sold_mw,0.0,2026-05-16T00:32:03
2026,7,Jul,,All Manufacturers,cell_sold_mw,0.0,2026-05-16T00:32:03
2026,8,Aug,,All Manufacturers,cell_sold_mw,0.0,2026-05-16T00:32:03
2026,9,Sep,,All Manufacturers,cell_sold_mw,0.0,2026-05-16T00:32:03
2026,10,Oct,,All Manufacturers,cell_sold_mw,0.0,2026-05-16T00:32:03
2026,11,Nov,,All Manufacturers,cell_sold_mw,0.0,2026-05-16T00:32:03
2026,12,Dec,,All Manufacturers,cell_sold_mw,0.0,2026-05-16T00:32:03
2026,1,Jan,efd3cf8b-55f6-4365-a2f4-1af1c4c18cce,TP Solar Limited,cell_manufactured_mw,319.44,2026-05-16T00:32:03
2026,2,Feb,efd3cf8b-55f6-4365-a2f4-1af1c4c18cce,TP Solar Limited,cell_manufactured_mw,302.81,2026-05-16T00:32:03
2026,3,Mar,efd3cf8b-55f6-4365-a2f4-1af1c4c18cce,TP Solar Limited,cell_manufactured_mw,350.03,2026-05-16T00:32:03
2026,4,Apr,efd3cf8b-55f6-4365-a2f4-1af1c4c18cce,TP Solar Limited,cell_manufactured_mw,285.46,2026-05-16T00:32:03
2026,5,May,efd3cf8b-55f6-4365-a2f4-1af1c4c18cce,TP Solar Limited,cell_manufactured_mw,68.2,2026-05-16T00:32:03
2026,6,Jun,efd3cf8b-55f6-4365-a2f4-1af1c4c18cce,TP Solar Limited,cell_manufactured_mw,0.0,2026-05-16T00:32:03
2026,7,Jul,efd3cf8b-55f6-4365-a2f4-1af1c4c18cce,TP Solar Limited,cell_manufactured_mw,0.0,2026-05-16T00:32:03
2026,8,Aug,efd3cf8b-55f6-4365-a2f4-1af1c4c18cce,TP Solar Limited,cell_manufactured_mw,0.0,2026-05-16T00:32:03
2026,9,Sep,efd3cf8b-55f6-4365-a2f4-1af1c4c18cce,TP Solar Limited,cell_manufactured_mw,0.0,2026-05-16T00:32:03
2026,10,Oct,efd3cf8b-55f6-4365-a2f4-1af1c4c18cce,TP Solar Limited,cell_manufactured_mw,0.0,2026-05-16T00:32:03
2026,11,Nov,efd3cf8b-55f6-4365-a2f4-1af1c4c18cce,TP Solar Limited,cell_manufactured_mw,0.0,2026-05-16T00:32:03
2026,12,Dec,efd3cf8b-55f6-4365-a2f4-1af1c4c18cce,TP Solar Limited,cell_manufactured_mw,0.0,2026-05-16T00:32:03
2026,1,Jan,efd3cf8b-55f6-4365-a2f4-1af1c4c18cce,TP Solar Limited,cell_sold_mw,38.87,2026-05-16T00:32:03
2026,2,Feb,efd3cf8b-55f6-4365-a2f4-1af1c4c18cce,TP Solar Limited,cell_sold_mw,79.87,2026-05-16T00:32:03
2026,3,Mar,efd3cf8b-55f6-4365-a2f4-1af1c4c18cce,TP Solar Limited,cell_sold_mw,193.85,2026-05-16T00:32:03
2026,4,Apr,efd3cf8b-55f6-4365-a2f4-1af1c4c18cce,TP Solar Limited,cell_sold_mw,49.68,2026-05-16T00:32:03
2026,5,May,efd3cf8b-55f6-4365-a2f4-1af1c4c18cce,TP Solar Limited,cell_sold_mw,116.16,2026-05-16T00:32:03
2026,6,Jun,efd3cf8b-55f6-4365-a2f4-1af1c4c18cce,TP Solar Limited,cell_sold_mw,0.0,2026-05-16T00:32:03
2026,7,Jul,efd3cf8b-55f6-4365-a2f4-1af1c4c18cce,TP Solar Limited,cell_sold_mw,0.0,2026-05-16T00:32:03
2026,8,Aug,efd3cf8b-55f6-4365-a2f4-1af1c4c18cce,TP Solar Limited,cell_sold_mw,0.0,2026-05-16T00:32:03
2026,9,Sep,efd3cf8b-55f6-4365-a2f4-1af1c4c18cce,TP Solar Limited,cell_sold_mw,0.0,2026-05-16T00:32:03
2026,10,Oct,efd3cf8b-55f6-4365-a2f4-1af1c4c18cce,TP Solar Limited,cell_sold_mw,0.0,2026-05-16T00:32:03
2026,11,Nov,efd3cf8b-55f6-4365-a2f4-1af1c4c18cce,TP Solar Limited,cell_sold_mw,0.0,2026-05-16T00:32:03
2026,12,Dec,efd3cf8b-55f6-4365-a2f4-1af1c4c18cce,TP Solar Limited,cell_sold_mw,0.0,2026-05-16T00:32:03
2026,1,Jan,4c494d96-d12f-4bd8-b9fd-6006841083a4,Waaree Energies Limited,cell_manufactured_mw,328.2,2026-05-16T00:32:03
2026,2,Feb,4c494d96-d12f-4bd8-b9fd-6006841083a4,Waaree Energies Limited,cell_manufactured_mw,179.94,2026-05-16T00:32:03
2026,3,Mar,4c494d96-d12f-4bd8-b9fd-6006841083a4,Waaree Energies Limited,cell_manufactured_mw,184.33,2026-05-16T00:32:03
2026,4,Apr,4c494d96-d12f-4bd8-b9fd-6006841083a4,Waaree Energies Limited,cell_manufactured_mw,179.83,2026-05-16T00:32:03
2026,5,May,4c494d96-d12f-4bd8-b9fd-6006841083a4,Waaree Energies Limited,cell_manufactured_mw,114.15,2026-05-16T00:32:03
2026,6,Jun,4c494d96-d12f-4bd8-b9fd-6006841083a4,Waaree Energies Limited,cell_manufactured_mw,0.0,2026-05-16T00:32:03
2026,7,Jul,4c494d96-d12f-4bd8-b9fd-6006841083a4,Waaree Energies Limited,cell_manufactured_mw,0.0,2026-05-16T00:32:03
2026,8,Aug,4c494d96-d12f-4bd8-b9fd-6006841083a4,Waaree Energies Limited,cell_manufactured_mw,0.0,2026-05-16T00:32:03
2026,9,Sep,4c494d96-d12f-4bd8-b9fd-6006841083a4,Waaree Energies Limited,cell_manufactured_mw,0.0,2026-05-16T00:32:03
2026,10,Oct,4c494d96-d12f-4bd8-b9fd-6006841083a4,Waaree Energies Limited,cell_manufactured_mw,0.0,2026-05-16T00:32:03
2026,11,Nov,4c494d96-d12f-4bd8-b9fd-6006841083a4,Waaree Energies Limited,cell_manufactured_mw,0.0,2026-05-16T00:32:03
2026,12,Dec,4c494d96-d12f-4bd8-b9fd-6006841083a4,Waaree Energies Limited,cell_manufactured_mw,0.0,2026-05-16T00:32:03
2026,1,Jan,4c494d96-d12f-4bd8-b9fd-6006841083a4,Waaree Energies Limited,cell_sold_mw,43.24,2026-05-16T00:32:03
2026,2,Feb,4c494d96-d12f-4bd8-b9fd-6006841083a4,Waaree Energies Limited,cell_sold_mw,12.37,2026-05-16T00:32:03
2026,3,Mar,4c494d96-d12f-4bd8-b9fd-6006841083a4,Waaree Energies Limited,cell_sold_mw,59.6,2026-05-16T00:32:03
2026,4,Apr,4c494d96-d12f-4bd8-b9fd-6006841083a4,Waaree Energies Limited,cell_sold_mw,64.04,2026-05-16T00:32:03
2026,5,May,4c494d96-d12f-4bd8-b9fd-6006841083a4,Waaree Energies Limited,cell_sold_mw,29.28,2026-05-16T00:32:03
2026,6,Jun,4c494d96-d12f-4bd8-b9fd-6006841083a4,Waaree Energies Limited,cell_sold_mw,0.0,2026-05-16T00:32:03
2026,7,Jul,4c494d96-d12f-4bd8-b9fd-6006841083a4,Waaree Energies Limited,cell_sold_mw,0.0,2026-05-16T00:32:03
2026,8,Aug,4c494d96-d12f-4bd8-b9fd-6006841083a4,Waaree Energies Limited,cell_sold_mw,0.0,2026-05-16T00:32:03
2026,9,Sep,4c494d96-d12f-4bd8-b9fd-6006841083a4,Waaree Energies Limited,cell_sold_mw,0.0,2026-05-16T00:32:03
2026,10,Oct,4c494d96-d12f-4bd8-b9fd-6006841083a4,Waaree Energies Limited,cell_sold_mw,0.0,2026-05-16T00:32:03
2026,11,Nov,4c494d96-d12f-4bd8-b9fd-6006841083a4,Waaree Energies Limited,cell_sold_mw,0.0,2026-05-16T00:32:03
2026,12,Dec,4c494d96-d12f-4bd8-b9fd-6006841083a4,Waaree Energies Limited,cell_sold_mw,0.0,2026-05-16T00:32:03
2026,1,Jan,9506d465-8696-4dd1-9546-9641849c6135,FS India Solar Ventures Private Limited,cell_manufactured_mw,263.59,2026-05-16T00:32:03
2026,2,Feb,9506d465-8696-4dd1-9546-9641849c6135,FS India Solar Ventures Private Limited,cell_manufactured_mw,210.19,2026-05-16T00:32:03
2026,3,Mar,9506d465-8696-4dd1-9546-9641849c6135,FS India Solar Ventures Private Limited,cell_manufactured_mw,239.15,2026-05-16T00:32:03
2026,4,Apr,9506d465-8696-4dd1-9546-9641849c6135,FS India Solar Ventures Private Limited,cell_manufactured_mw,202.14,2026-05-16T00:32:03
2026,5,May,9506d465-8696-4dd1-9546-9641849c6135,FS India Solar Ventures Private Limited,cell_manufactured_mw,1.02,2026-05-16T00:32:03
2026,6,Jun,9506d465-8696-4dd1-9546-9641849c6135,FS India Solar Ventures Private Limited,cell_manufactured_mw,0.0,2026-05-16T00:32:03
2026,7,Jul,9506d465-8696-4dd1-9546-9641849c6135,FS India Solar Ventures Private Limited,cell_manufactured_mw,0.0,2026-05-16T00:32:03
2026,8,Aug,9506d465-8696-4dd1-9546-9641849c6135,FS India Solar Ventures Private Limited,cell_manufactured_mw,0.0,2026-05-16T00:32:03
2026,9,Sep,9506d465-8696-4dd1-9546-9641849c6135,FS India Solar Ventures Private Limited,cell_manufactured_mw,0.0,2026-05-16T00:32:03
2026,10,Oct,9506d465-8696-4dd1-9546-9641849c6135,FS India Solar Ventures Private Limited,cell_manufactured_mw,0.0,2026-05-16T00:32:03
2026,11,Nov,9506d465-8696-4dd1-9546-9641849c6135,FS India Solar Ventures Private Limited,cell_manufactured_mw,0.0,2026-05-16T00:32:03
2026,12,Dec,9506d465-8696-4dd1-9546-9641849c6135,FS India Solar Ventures Private Limited,cell_manufactured_mw,0.0,2026-05-16T00:32:03
2026,1,Jan,9506d465-8696-4dd1-9546-9641849c6135,FS India Solar Ventures Private Limited,cell_sold_mw,0.0,2026-05-16T00:32:03
2026,2,Feb,9506d465-8696-4dd1-9546-9641849c6135,FS India Solar Ventures Private Limited,cell_sold_mw,0.0,2026-05-16T00:32:03
2026,3,Mar,9506d465-8696-4dd1-9546-9641849c6135,FS India Solar Ventures Private Limited,cell_sold_mw,0.0,2026-05-16T00:32:03
2026,4,Apr,9506d465-8696-4dd1-9546-9641849c6135,FS India Solar Ventures Private Limited,cell_sold_mw,0.0,2026-05-16T00:32:03
2026,5,May,9506d465-8696-4dd1-9546-9641849c6135,FS India Solar Ventures Private Limited,cell_sold_mw,0.0,2026-05-16T00:32:03
2026,6,Jun,9506d465-8696-4dd1-9546-9641849c6135,FS India Solar Ventures Private Limited,cell_sold_mw,0.0,2026-05-16T00:32:03
2026,7,Jul,9506d465-8696-4dd1-9546-9641849c6135,FS India Solar Ventures Private Limited,cell_sold_mw,0.0,2026-05-16T00:32:03
2026,8,Aug,9506d465-8696-4dd1-9546-9641849c6135,FS India Solar Ventures Private Limited,cell_sold_mw,0.0,2026-05-16T00:32:03
2026,9,Sep,9506d465-8696-4dd1-9546-9641849c6135,FS India Solar Ventures Private Limited,cell_sold_mw,0.0,2026-05-16T00:32:03
2026,10,Oct,9506d465-8696-4dd1-9546-9641849c6135,FS India Solar Ventures Private Limited,cell_sold_mw,0.0,2026-05-16T00:32:03
2026,11,Nov,9506d465-8696-4dd1-9546-9641849c6135,FS India Solar Ventures Private Limited,cell_sold_mw,0.0,2026-05-16T00:32:03
2026,12,Dec,9506d465-8696-4dd1-9546-9641849c6135,FS India Solar Ventures Private Limited,cell_sold_mw,0.0,2026-05-16T00:32:03
2026,1,Jan,75ae04be-db90-4f15-aca8-257f59d835be,Renew Photovoltaics Private Limited,cell_manufactured_mw,161.85,2026-05-16T00:32:03
2026,2,Feb,75ae04be-db90-4f15-aca8-257f59d835be,Renew Photovoltaics Private Limited,cell_manufactured_mw,168.38,2026-05-16T00:32:03
2026,3,Mar,75ae04be-db90-4f15-aca8-257f59d835be,Renew Photovoltaics Private Limited,cell_manufactured_mw,163.39,2026-05-16T00:32:03
2026,4,Apr,75ae04be-db90-4f15-aca8-257f59d835be,Renew Photovoltaics Private Limited,cell_manufactured_mw,174.16,2026-05-16T00:32:03
2026,5,May,75ae04be-db90-4f15-aca8-257f59d835be,Renew Photovoltaics Private Limited,cell_manufactured_mw,0.2,2026-05-16T00:32:03
2026,6,Jun,75ae04be-db90-4f15-aca8-257f59d835be,Renew Photovoltaics Private Limited,cell_manufactured_mw,0.0,2026-05-16T00:32:03
2026,7,Jul,75ae04be-db90-4f15-aca8-257f59d835be,Renew Photovoltaics Private Limited,cell_manufactured_mw,0.0,2026-05-16T00:32:03
2026,8,Aug,75ae04be-db90-4f15-aca8-257f59d835be,Renew Photovoltaics Private Limited,cell_manufactured_mw,0.0,2026-05-16T00:32:03
2026,9,Sep,75ae04be-db90-4f15-aca8-257f59d835be,Renew Photovoltaics Private Limited,cell_manufactured_mw,0.0,2026-05-16T00:32:03
2026,10,Oct,75ae04be-db90-4f15-aca8-257f59d835be,Renew Photovoltaics Private Limited,cell_manufactured_mw,0.0,2026-05-16T00:32:03
2026,11,Nov,75ae04be-db90-4f15-aca8-257f59d835be,Renew Photovoltaics Private Limited,cell_manufactured_mw,0.0,2026-05-16T00:32:03
2026,12,Dec,75ae04be-db90-4f15-aca8-257f59d835be,Renew Photovoltaics Private Limited,cell_manufactured_mw,0.0,2026-05-16T00:32:03
2026,1,Jan,75ae04be-db90-4f15-aca8-257f59d835be,Renew Photovoltaics Private Limited,cell_sold_mw,137.16,2026-05-16T00:32:03
2026,2,Feb,75ae04be-db90-4f15-aca8-257f59d835be,Renew Photovoltaics Private Limited,cell_sold_mw,122.51,2026-05-16T00:32:03
2026,3,Mar,75ae04be-db90-4f15-aca8-257f59d835be,Renew Photovoltaics Private Limited,cell_sold_mw,93.93,2026-05-16T00:32:03
2026,4,Apr,75ae04be-db90-4f15-aca8-257f59d835be,Renew Photovoltaics Private Limited,cell_sold_mw,25.26,2026-05-16T00:32:03
2026,5,May,75ae04be-db90-4f15-aca8-257f59d835be,Renew Photovoltaics Private Limited,cell_sold_mw,57.25,2026-05-16T00:32:03
2026,6,Jun,75ae04be-db90-4f15-aca8-257f59d835be,Renew Photovoltaics Private Limited,cell_sold_mw,0.0,2026-05-16T00:32:03
2026,7,Jul,75ae04be-db90-4f15-aca8-257f59d835be,Renew Photovoltaics Private Limited,cell_sold_mw,0.0,2026-05-16T00:32:03
2026,8,Aug,75ae04be-db90-4f15-aca8-257f59d835be,Renew Photovoltaics Private Limited,cell_sold_mw,0.0,2026-05-16T00:32:03
2026,9,Sep,75ae04be-db90-4f15-aca8-257f59d835be,Renew Photovoltaics Private Limited,cell_sold_mw,0.0,2026-05-16T00:32:03
2026,10,Oct,75ae04be-db90-4f15-aca8-257f59d835be,Renew Photovoltaics Private Limited,cell_sold_mw,0.0,2026-05-16T00:32:03
2026,11,Nov,75ae04be-db90-4f15-aca8-257f59d835be,Renew Photovoltaics Private Limited,cell_sold_mw,0.0,2026-05-16T00:32:03
2026,12,Dec,75ae04be-db90-4f15-aca8-257f59d835be,Renew Photovoltaics Private Limited,cell_sold_mw,0.0,2026-05-16T00:32:03
2026,1,Jan,ae181577-a115-475f-a06c-730423feba86,Premier Energies Photovoltaic Private Limited,cell_manufactured_mw,131.32,2026-05-16T00:32:03
2026,2,Feb,ae181577-a115-475f-a06c-730423feba86,Premier Energies Photovoltaic Private Limited,cell_manufactured_mw,151.01,2026-05-16T00:32:03
2026,3,Mar,ae181577-a115-475f-a06c-730423feba86,Premier Energies Photovoltaic Private Limited,cell_manufactured_mw,157.75,2026-05-16T00:32:03
2026,4,Apr,ae181577-a115-475f-a06c-730423feba86,Premier Energies Photovoltaic Private Limited,cell_manufactured_mw,169.92,2026-05-16T00:32:03
2026,5,May,ae181577-a115-475f-a06c-730423feba86,Premier Energies Photovoltaic Private Limited,cell_manufactured_mw,48.38,2026-05-16T00:32:03
2026,6,Jun,ae181577-a115-475f-a06c-730423feba86,Premier Energies Photovoltaic Private Limited,cell_manufactured_mw,0.0,2026-05-16T00:32:03
2026,7,Jul,ae181577-a115-475f-a06c-730423feba86,Premier Energies Photovoltaic Private Limited,cell_manufactured_mw,0.0,2026-05-16T00:32:03
2026,8,Aug,ae181577-a115-475f-a06c-730423feba86,Premier Energies Photovoltaic Private Limited,cell_manufactured_mw,0.0,2026-05-16T00:32:03
2026,9,Sep,ae181577-a115-475f-a06c-730423feba86,Premier Energies Photovoltaic Private Limited,cell_manufactured_mw,0.0,2026-05-16T00:32:03
2026,10,Oct,ae181577-a115-475f-a06c-730423feba86,Premier Energies Photovoltaic Private Limited,cell_manufactured_mw,0.0,2026-05-16T00:32:03
2026,11,Nov,ae181577-a115-475f-a06c-730423feba86,Premier Energies Photovoltaic Private Limited,cell_manufactured_mw,0.0,2026-05-16T00:32:03
2026,12,Dec,ae181577-a115-475f-a06c-730423feba86,Premier Energies Photovoltaic Private Limited,cell_manufactured_mw,0.0,2026-05-16T00:32:03
2026,1,Jan,ae181577-a115-475f-a06c-730423feba86,Premier Energies Photovoltaic Private Limited,cell_sold_mw,53.04,2026-05-16T00:32:03
2026,2,Feb,ae181577-a115-475f-a06c-730423feba86,Premier Energies Photovoltaic Private Limited,cell_sold_mw,122.74,2026-05-16T00:32:03
2026,3,Mar,ae181577-a115-475f-a06c-730423feba86,Premier Energies Photovoltaic Private Limited,cell_sold_mw,88.07,2026-05-16T00:32:03
2026,4,Apr,ae181577-a115-475f-a06c-730423feba86,Premier Energies Photovoltaic Private Limited,cell_sold_mw,95.96,2026-05-16T00:32:03
2026,5,May,ae181577-a115-475f-a06c-730423feba86,Premier Energies Photovoltaic Private Limited,cell_sold_mw,31.18,2026-05-16T00:32:03
2026,6,Jun,ae181577-a115-475f-a06c-730423feba86,Premier Energies Photovoltaic Private Limited,cell_sold_mw,0.0,2026-05-16T00:32:03
2026,7,Jul,ae181577-a115-475f-a06c-730423feba86,Premier Energies Photovoltaic Private Limited,cell_sold_mw,0.0,2026-05-16T00:32:03
2026,8,Aug,ae181577-a115-475f-a06c-730423feba86,Premier Energies Photovoltaic Private Limited,cell_sold_mw,0.0,2026-05-16T00:32:03
2026,9,Sep,ae181577-a115-475f-a06c-730423feba86,Premier Energies Photovoltaic Private Limited,cell_sold_mw,0.0,2026-05-16T00:32:03
2026,10,Oct,ae181577-a115-475f-a06c-730423feba86,Premier Energies Photovoltaic Private Limited,cell_sold_mw,0.0,2026-05-16T00:32:03
2026,11,Nov,ae181577-a115-475f-a06c-730423feba86,Premier Energies Photovoltaic Private Limited,cell_sold_mw,0.0,2026-05-16T00:32:03
2026,12,Dec,ae181577-a115-475f-a06c-730423feba86,Premier Energies Photovoltaic Private Limited,cell_sold_mw,0.0,2026-05-16T00:32:03
2026,1,Jan,fbdaf772-c6e6-4c5d-81ce-e57be7b79d5c,Emmvee Energy Private Limited,cell_manufactured_mw,145.35,2026-05-16T00:32:03
2026,2,Feb,fbdaf772-c6e6-4c5d-81ce-e57be7b79d5c,Emmvee Energy Private Limited,cell_manufactured_mw,131.01,2026-05-16T00:32:03
2026,3,Mar,fbdaf772-c6e6-4c5d-81ce-e57be7b79d5c,Emmvee Energy Private Limited,cell_manufactured_mw,151.23,2026-05-16T00:32:03
2026,4,Apr,fbdaf772-c6e6-4c5d-81ce-e57be7b79d5c,Emmvee Energy Private Limited,cell_manufactured_mw,147.4,2026-05-16T00:32:03
2026,5,May,fbdaf772-c6e6-4c5d-81ce-e57be7b79d5c,Emmvee Energy Private Limited,cell_manufactured_mw,0.0,2026-05-16T00:32:03
2026,6,Jun,fbdaf772-c6e6-4c5d-81ce-e57be7b79d5c,Emmvee Energy Private Limited,cell_manufactured_mw,0.0,2026-05-16T00:32:03
2026,7,Jul,fbdaf772-c6e6-4c5d-81ce-e57be7b79d5c,Emmvee Energy Private Limited,cell_manufactured_mw,0.0,2026-05-16T00:32:03
2026,8,Aug,fbdaf772-c6e6-4c5d-81ce-e57be7b79d5c,Emmvee Energy Private Limited,cell_manufactured_mw,0.0,2026-05-16T00:32:03
2026,9,Sep,fbdaf772-c6e6-4c5d-81ce-e57be7b79d5c,Emmvee Energy Private Limited,cell_manufactured_mw,0.0,2026-05-16T00:32:03
2026,10,Oct,fbdaf772-c6e6-4c5d-81ce-e57be7b79d5c,Emmvee Energy Private Limited,cell_manufactured_mw,0.0,2026-05-16T00:32:03
2026,11,Nov,fbdaf772-c6e6-4c5d-81ce-e57be7b79d5c,Emmvee Energy Private Limited,cell_manufactured_mw,0.0,2026-05-16T00:32:03
2026,12,Dec,fbdaf772-c6e6-4c5d-81ce-e57be7b79d5c,Emmvee Energy Private Limited,cell_manufactured_mw,0.0,2026-05-16T00:32:03
2026,1,Jan,fbdaf772-c6e6-4c5d-81ce-e57be7b79d5c,Emmvee Energy Private Limited,cell_sold_mw,29.67,2026-05-16T00:32:03
2026,2,Feb,fbdaf772-c6e6-4c5d-81ce-e57be7b79d5c,Emmvee Energy Private Limited,cell_sold_mw,32.47,2026-05-16T00:32:03
2026,3,Mar,fbdaf772-c6e6-4c5d-81ce-e57be7b79d5c,Emmvee Energy Private Limited,cell_sold_mw,37.83,2026-05-16T00:32:03
2026,4,Apr,fbdaf772-c6e6-4c5d-81ce-e57be7b79d5c,Emmvee Energy Private Limited,cell_sold_mw,60.56,2026-05-16T00:32:03
2026,5,May,fbdaf772-c6e6-4c5d-81ce-e57be7b79d5c,Emmvee Energy Private Limited,cell_sold_mw,13.65,2026-05-16T00:32:03
2026,6,Jun,fbdaf772-c6e6-4c5d-81ce-e57be7b79d5c,Emmvee Energy Private Limited,cell_sold_mw,0.0,2026-05-16T00:32:03
2026,7,Jul,fbdaf772-c6e6-4c5d-81ce-e57be7b79d5c,Emmvee Energy Private Limited,cell_sold_mw,0.0,2026-05-16T00:32:03
2026,8,Aug,fbdaf772-c6e6-4c5d-81ce-e57be7b79d5c,Emmvee Energy Private Limited,cell_sold_mw,0.0,2026-05-16T00:32:03
2026,9,Sep,fbdaf772-c6e6-4c5d-81ce-e57be7b79d5c,Emmvee Energy Private Limited,cell_sold_mw,0.0,2026-05-16T00:32:03
2026,10,Oct,fbdaf772-c6e6-4c5d-81ce-e57be7b79d5c,Emmvee Energy Private Limited,cell_sold_mw,0.0,2026-05-16T00:32:03
2026,11,Nov,fbdaf772-c6e6-4c5d-81ce-e57be7b79d5c,Emmvee Energy Private Limited,cell_sold_mw,0.0,2026-05-16T00:32:03
2026,12,Dec,fbdaf772-c6e6-4c5d-81ce-e57be7b79d5c,Emmvee Energy Private Limited,cell_sold_mw,0.0,2026-05-16T00:32:03
2026,1,Jan,e624e730-20a1-4a69-a03f-cc31ce053323,Mundra Solar PV Limited,cell_manufactured_mw,139.82,2026-05-16T00:32:03
2026,2,Feb,e624e730-20a1-4a69-a03f-cc31ce053323,Mundra Solar PV Limited,cell_manufactured_mw,142.47,2026-05-16T00:32:03
2026,3,Mar,e624e730-20a1-4a69-a03f-cc31ce053323,Mundra Solar PV Limited,cell_manufactured_mw,161.43,2026-05-16T00:32:03
2026,4,Apr,e624e730-20a1-4a69-a03f-cc31ce053323,Mundra Solar PV Limited,cell_manufactured_mw,120.88,2026-05-16T00:32:03
2026,5,May,e624e730-20a1-4a69-a03f-cc31ce053323,Mundra Solar PV Limited,cell_manufactured_mw,0.0,2026-05-16T00:32:03
2026,6,Jun,e624e730-20a1-4a69-a03f-cc31ce053323,Mundra Solar PV Limited,cell_manufactured_mw,0.0,2026-05-16T00:32:03
2026,7,Jul,e624e730-20a1-4a69-a03f-cc31ce053323,Mundra Solar PV Limited,cell_manufactured_mw,0.0,2026-05-16T00:32:03
2026,8,Aug,e624e730-20a1-4a69-a03f-cc31ce053323,Mundra Solar PV Limited,cell_manufactured_mw,0.0,2026-05-16T00:32:03
2026,9,Sep,e624e730-20a1-4a69-a03f-cc31ce053323,Mundra Solar PV Limited,cell_manufactured_mw,0.0,2026-05-16T00:32:03
2026,10,Oct,e624e730-20a1-4a69-a03f-cc31ce053323,Mundra Solar PV Limited,cell_manufactured_mw,0.0,2026-05-16T00:32:03
2026,11,Nov,e624e730-20a1-4a69-a03f-cc31ce053323,Mundra Solar PV Limited,cell_manufactured_mw,0.0,2026-05-16T00:32:03
2026,12,Dec,e624e730-20a1-4a69-a03f-cc31ce053323,Mundra Solar PV Limited,cell_manufactured_mw,0.0,2026-05-16T00:32:03
2026,1,Jan,e624e730-20a1-4a69-a03f-cc31ce053323,Mundra Solar PV Limited,cell_sold_mw,103.61,2026-05-16T00:32:03
2026,2,Feb,e624e730-20a1-4a69-a03f-cc31ce053323,Mundra Solar PV Limited,cell_sold_mw,218.26,2026-05-16T00:32:03
2026,3,Mar,e624e730-20a1-4a69-a03f-cc31ce053323,Mundra Solar PV Limited,cell_sold_mw,176.27,2026-05-16T00:32:03
2026,4,Apr,e624e730-20a1-4a69-a03f-cc31ce053323,Mundra Solar PV Limited,cell_sold_mw,150.59,2026-05-16T00:32:03
2026,5,May,e624e730-20a1-4a69-a03f-cc31ce053323,Mundra Solar PV Limited,cell_sold_mw,0.0,2026-05-16T00:32:03
2026,6,Jun,e624e730-20a1-4a69-a03f-cc31ce053323,Mundra Solar PV Limited,cell_sold_mw,0.0,2026-05-16T00:32:03
2026,7,Jul,e624e730-20a1-4a69-a03f-cc31ce053323,Mundra Solar PV Limited,cell_sold_mw,0.0,2026-05-16T00:32:03
2026,8,Aug,e624e730-20a1-4a69-a03f-cc31ce053323,Mundra Solar PV Limited,cell_sold_mw,0.0,2026-05-16T00:32:03
2026,9,Sep,e624e730-20a1-4a69-a03f-cc31ce053323,Mundra Solar PV Limited,cell_sold_mw,0.0,2026-05-16T00:32:03
2026,10,Oct,e624e730-20a1-4a69-a03f-cc31ce053323,Mundra Solar PV Limited,cell_sold_mw,0.0,2026-05-16T00:32:03
2026,11,Nov,e624e730-20a1-4a69-a03f-cc31ce053323,Mundra Solar PV Limited,cell_sold_mw,0.0,2026-05-16T00:32:03
2026,12,Dec,e624e730-20a1-4a69-a03f-cc31ce053323,Mundra Solar PV Limited,cell_sold_mw,0.0,2026-05-16T00:32:03
2026,1,Jan,6465a0b9-60b7-4edf-97f1-3cb3840b9a73,Mundra Solar Energy Limited,cell_manufactured_mw,142.28,2026-05-16T00:32:03
2026,2,Feb,6465a0b9-60b7-4edf-97f1-3cb3840b9a73,Mundra Solar Energy Limited,cell_manufactured_mw,123.05,2026-05-16T00:32:03
2026,3,Mar,6465a0b9-60b7-4edf-97f1-3cb3840b9a73,Mundra Solar Energy Limited,cell_manufactured_mw,128.95,2026-05-16T00:32:03
2026,4,Apr,6465a0b9-60b7-4edf-97f1-3cb3840b9a73,Mundra Solar Energy Limited,cell_manufactured_mw,80.06,2026-05-16T00:32:03
2026,5,May,6465a0b9-60b7-4edf-97f1-3cb3840b9a73,Mundra Solar Energy Limited,cell_manufactured_mw,0.0,2026-05-16T00:32:03
2026,6,Jun,6465a0b9-60b7-4edf-97f1-3cb3840b9a73,Mundra Solar Energy Limited,cell_manufactured_mw,0.0,2026-05-16T00:32:03
2026,7,Jul,6465a0b9-60b7-4edf-97f1-3cb3840b9a73,Mundra Solar Energy Limited,cell_manufactured_mw,0.0,2026-05-16T00:32:03
2026,8,Aug,6465a0b9-60b7-4edf-97f1-3cb3840b9a73,Mundra Solar Energy Limited,cell_manufactured_mw,0.0,2026-05-16T00:32:03
2026,9,Sep,6465a0b9-60b7-4edf-97f1-3cb3840b9a73,Mundra Solar Energy Limited,cell_manufactured_mw,0.0,2026-05-16T00:32:03
2026,10,Oct,6465a0b9-60b7-4edf-97f1-3cb3840b9a73,Mundra Solar Energy Limited,cell_manufactured_mw,0.0,2026-05-16T00:32:03
2026,11,Nov,6465a0b9-60b7-4edf-97f1-3cb3840b9a73,Mundra Solar Energy Limited,cell_manufactured_mw,0.0,2026-05-16T00:32:03
2026,12,Dec,6465a0b9-60b7-4edf-97f1-3cb3840b9a73,Mundra Solar Energy Limited,cell_manufactured_mw,0.0,2026-05-16T00:32:03
2026,1,Jan,6465a0b9-60b7-4edf-97f1-3cb3840b9a73,Mundra Solar Energy Limited,cell_sold_mw,7.2,2026-05-16T00:32:03
2026,2,Feb,6465a0b9-60b7-4edf-97f1-3cb3840b9a73,Mundra Solar Energy Limited,cell_sold_mw,9.46,2026-05-16T00:32:03
2026,3,Mar,6465a0b9-60b7-4edf-97f1-3cb3840b9a73,Mundra Solar Energy Limited,cell_sold_mw,7.19,2026-05-16T00:32:03
2026,4,Apr,6465a0b9-60b7-4edf-97f1-3cb3840b9a73,Mundra Solar Energy Limited,cell_sold_mw,0.0,2026-05-16T00:32:03
2026,5,May,6465a0b9-60b7-4edf-97f1-3cb3840b9a73,Mundra Solar Energy Limited,cell_sold_mw,4.73,2026-05-16T00:32:03
2026,6,Jun,6465a0b9-60b7-4edf-97f1-3cb3840b9a73,Mundra Solar Energy Limited,cell_sold_mw,0.0,2026-05-16T00:32:03
2026,7,Jul,6465a0b9-60b7-4edf-97f1-3cb3840b9a73,Mundra Solar Energy Limited,cell_sold_mw,0.0,2026-05-16T00:32:03
2026,8,Aug,6465a0b9-60b7-4edf-97f1-3cb3840b9a73,Mundra Solar Energy Limited,cell_sold_mw,0.0,2026-05-16T00:32:03
2026,9,Sep,6465a0b9-60b7-4edf-97f1-3cb3840b9a73,Mundra Solar Energy Limited,cell_sold_mw,0.0,2026-05-16T00:32:03
2026,10,Oct,6465a0b9-60b7-4edf-97f1-3cb3840b9a73,Mundra Solar Energy Limited,cell_sold_mw,0.0,2026-05-16T00:32:03
2026,11,Nov,6465a0b9-60b7-4edf-97f1-3cb3840b9a73,Mundra Solar Energy Limited,cell_sold_mw,0.0,2026-05-16T00:32:03
2026,12,Dec,6465a0b9-60b7-4edf-97f1-3cb3840b9a73,Mundra Solar Energy Limited,cell_sold_mw,0.0,2026-05-16T00:32:03
2026,1,Jan,a3a30153-8923-4936-a88b-0b22460e71a8,Premier Energies International Private Limited,cell_manufactured_mw,93.09,2026-05-16T00:32:03
2026,2,Feb,a3a30153-8923-4936-a88b-0b22460e71a8,Premier Energies International Private Limited,cell_manufactured_mw,89.11,2026-05-16T00:32:03
2026,3,Mar,a3a30153-8923-4936-a88b-0b22460e71a8,Premier Energies International Private Limited,cell_manufactured_mw,96.12,2026-05-16T00:32:03
2026,4,Apr,a3a30153-8923-4936-a88b-0b22460e71a8,Premier Energies International Private Limited,cell_manufactured_mw,86.91,2026-05-16T00:32:03
2026,5,May,a3a30153-8923-4936-a88b-0b22460e71a8,Premier Energies International Private Limited,cell_manufactured_mw,26.86,2026-05-16T00:32:03
2026,6,Jun,a3a30153-8923-4936-a88b-0b22460e71a8,Premier Energies International Private Limited,cell_manufactured_mw,0.0,2026-05-16T00:32:03
2026,7,Jul,a3a30153-8923-4936-a88b-0b22460e71a8,Premier Energies International Private Limited,cell_manufactured_mw,0.0,2026-05-16T00:32:03
2026,8,Aug,a3a30153-8923-4936-a88b-0b22460e71a8,Premier Energies International Private Limited,cell_manufactured_mw,0.0,2026-05-16T00:32:03
2026,9,Sep,a3a30153-8923-4936-a88b-0b22460e71a8,Premier Energies International Private Limited,cell_manufactured_mw,0.0,2026-05-16T00:32:03
2026,10,Oct,a3a30153-8923-4936-a88b-0b22460e71a8,Premier Energies International Private Limited,cell_manufactured_mw,0.0,2026-05-16T00:32:03
2026,11,Nov,a3a30153-8923-4936-a88b-0b22460e71a8,Premier Energies International Private Limited,cell_manufactured_mw,0.0,2026-05-16T00:32:03
2026,12,Dec,a3a30153-8923-4936-a88b-0b22460e71a8,Premier Energies International Private Limited,cell_manufactured_mw,0.0,2026-05-16T00:32:03
2026,1,Jan,a3a30153-8923-4936-a88b-0b22460e71a8,Premier Energies International Private Limited,cell_sold_mw,15.59,2026-05-16T00:32:03
2026,2,Feb,a3a30153-8923-4936-a88b-0b22460e71a8,Premier Energies International Private Limited,cell_sold_mw,52.14,2026-05-16T00:32:03
2026,3,Mar,a3a30153-8923-4936-a88b-0b22460e71a8,Premier Energies International Private Limited,cell_sold_mw,117.93,2026-05-16T00:32:03
2026,4,Apr,a3a30153-8923-4936-a88b-0b22460e71a8,Premier Energies International Private Limited,cell_sold_mw,113.71,2026-05-16T00:32:03
2026,5,May,a3a30153-8923-4936-a88b-0b22460e71a8,Premier Energies International Private Limited,cell_sold_mw,22.96,2026-05-16T00:32:03
2026,6,Jun,a3a30153-8923-4936-a88b-0b22460e71a8,Premier Energies International Private Limited,cell_sold_mw,0.0,2026-05-16T00:32:03
2026,7,Jul,a3a30153-8923-4936-a88b-0b22460e71a8,Premier Energies International Private Limited,cell_sold_mw,0.0,2026-05-16T00:32:03
2026,8,Aug,a3a30153-8923-4936-a88b-0b22460e71a8,Premier Energies International Private Limited,cell_sold_mw,0.0,2026-05-16T00:32:03
2026,9,Sep,a3a30153-8923-4936-a88b-0b22460e71a8,Premier Energies International Private Limited,cell_sold_mw,0.0,2026-05-16T00:32:03
2026,10,Oct,a3a30153-8923-4936-a88b-0b22460e71a8,Premier Energies International Private Limited,cell_sold_mw,0.0,2026-05-16T00:32:03
2026,11,Nov,a3a30153-8923-4936-a88b-0b22460e71a8,Premier Energies International Private Limited,cell_sold_mw,0.0,2026-05-16T00:32:03
2026,12,Dec,a3a30153-8923-4936-a88b-0b22460e71a8,Premier Energies International Private Limited,cell_sold_mw,0.0,2026-05-16T00:32:03
2026,1,Jan,febe12df-4860-41e4-ba61-6a9615bd17a7,Websol Energy System Limited,cell_manufactured_mw,87.81,2026-05-16T00:32:03
2026,2,Feb,febe12df-4860-41e4-ba61-6a9615bd17a7,Websol Energy System Limited,cell_manufactured_mw,77.7,2026-05-16T00:32:03
2026,3,Mar,febe12df-4860-41e4-ba61-6a9615bd17a7,Websol Energy System Limited,cell_manufactured_mw,94.26,2026-05-16T00:32:03
2026,4,Apr,febe12df-4860-41e4-ba61-6a9615bd17a7,Websol Energy System Limited,cell_manufactured_mw,87.46,2026-05-16T00:32:03
2026,5,May,febe12df-4860-41e4-ba61-6a9615bd17a7,Websol Energy System Limited,cell_manufactured_mw,42.86,2026-05-16T00:32:03
2026,6,Jun,febe12df-4860-41e4-ba61-6a9615bd17a7,Websol Energy System Limited,cell_manufactured_mw,0.0,2026-05-16T00:32:03
2026,7,Jul,febe12df-4860-41e4-ba61-6a9615bd17a7,Websol Energy System Limited,cell_manufactured_mw,0.0,2026-05-16T00:32:03
2026,8,Aug,febe12df-4860-41e4-ba61-6a9615bd17a7,Websol Energy System Limited,cell_manufactured_mw,0.0,2026-05-16T00:32:03
2026,9,Sep,febe12df-4860-41e4-ba61-6a9615bd17a7,Websol Energy System Limited,cell_manufactured_mw,0.0,2026-05-16T00:32:03
2026,10,Oct,febe12df-4860-41e4-ba61-6a9615bd17a7,Websol Energy System Limited,cell_manufactured_mw,0.0,2026-05-16T00:32:03
2026,11,Nov,febe12df-4860-41e4-ba61-6a9615bd17a7,Websol Energy System Limited,cell_manufactured_mw,0.0,2026-05-16T00:32:03
2026,12,Dec,febe12df-4860-41e4-ba61-6a9615bd17a7,Websol Energy System Limited,cell_manufactured_mw,0.0,2026-05-16T00:32:03
2026,1,Jan,febe12df-4860-41e4-ba61-6a9615bd17a7,Websol Energy System Limited,cell_sold_mw,28.6,2026-05-16T00:32:03
2026,2,Feb,febe12df-4860-41e4-ba61-6a9615bd17a7,Websol Energy System Limited,cell_sold_mw,50.21,2026-05-16T00:32:03
2026,3,Mar,febe12df-4860-41e4-ba61-6a9615bd17a7,Websol Energy System Limited,cell_sold_mw,82.36,2026-05-16T00:32:03
2026,4,Apr,febe12df-4860-41e4-ba61-6a9615bd17a7,Websol Energy System Limited,cell_sold_mw,11.17,2026-05-16T00:32:03
2026,5,May,febe12df-4860-41e4-ba61-6a9615bd17a7,Websol Energy System Limited,cell_sold_mw,10.26,2026-05-16T00:32:03
2026,6,Jun,febe12df-4860-41e4-ba61-6a9615bd17a7,Websol Energy System Limited,cell_sold_mw,0.0,2026-05-16T00:32:03
2026,7,Jul,febe12df-4860-41e4-ba61-6a9615bd17a7,Websol Energy System Limited,cell_sold_mw,0.0,2026-05-16T00:32:03
2026,8,Aug,febe12df-4860-41e4-ba61-6a9615bd17a7,Websol Energy System Limited,cell_sold_mw,0.0,2026-05-16T00:32:03
2026,9,Sep,febe12df-4860-41e4-ba61-6a9615bd17a7,Websol Energy System Limited,cell_sold_mw,0.0,2026-05-16T00:32:03
2026,10,Oct,febe12df-4860-41e4-ba61-6a9615bd17a7,Websol Energy System Limited,cell_sold_mw,0.0,2026-05-16T00:32:03
2026,11,Nov,febe12df-4860-41e4-ba61-6a9615bd17a7,Websol Energy System Limited,cell_sold_mw,0.0,2026-05-16T00:32:03
2026,12,Dec,febe12df-4860-41e4-ba61-6a9615bd17a7,Websol Energy System Limited,cell_sold_mw,0.0,2026-05-16T00:32:03
2026,1,Jan,9d98d3e6-0379-4589-ba0e-d704fdcdb57f,Jupiter International Limited,cell_manufactured_mw,58.2,2026-05-16T00:32:03
2026,2,Feb,9d98d3e6-0379-4589-ba0e-d704fdcdb57f,Jupiter International Limited,cell_manufactured_mw,68.18,2026-05-16T00:32:03
2026,3,Mar,9d98d3e6-0379-4589-ba0e-d704fdcdb57f,Jupiter International Limited,cell_manufactured_mw,99.06,2026-05-16T00:32:03
2026,4,Apr,9d98d3e6-0379-4589-ba0e-d704fdcdb57f,Jupiter International Limited,cell_manufactured_mw,99.92,2026-05-16T00:32:03
2026,5,May,9d98d3e6-0379-4589-ba0e-d704fdcdb57f,Jupiter International Limited,cell_manufactured_mw,26.71,2026-05-16T00:32:03
2026,6,Jun,9d98d3e6-0379-4589-ba0e-d704fdcdb57f,Jupiter International Limited,cell_manufactured_mw,0.0,2026-05-16T00:32:03
2026,7,Jul,9d98d3e6-0379-4589-ba0e-d704fdcdb57f,Jupiter International Limited,cell_manufactured_mw,0.0,2026-05-16T00:32:03
2026,8,Aug,9d98d3e6-0379-4589-ba0e-d704fdcdb57f,Jupiter International Limited,cell_manufactured_mw,0.0,2026-05-16T00:32:03
2026,9,Sep,9d98d3e6-0379-4589-ba0e-d704fdcdb57f,Jupiter International Limited,cell_manufactured_mw,0.0,2026-05-16T00:32:03
2026,10,Oct,9d98d3e6-0379-4589-ba0e-d704fdcdb57f,Jupiter International Limited,cell_manufactured_mw,0.0,2026-05-16T00:32:03
2026,11,Nov,9d98d3e6-0379-4589-ba0e-d704fdcdb57f,Jupiter International Limited,cell_manufactured_mw,0.0,2026-05-16T00:32:03
2026,12,Dec,9d98d3e6-0379-4589-ba0e-d704fdcdb57f,Jupiter International Limited,cell_manufactured_mw,0.0,2026-05-16T00:32:03
2026,1,Jan,9d98d3e6-0379-4589-ba0e-d704fdcdb57f,Jupiter International Limited,cell_sold_mw,86.77,2026-05-16T00:32:03
2026,2,Feb,9d98d3e6-0379-4589-ba0e-d704fdcdb57f,Jupiter International Limited,cell_sold_mw,63.0,2026-05-16T00:32:03
2026,3,Mar,9d98d3e6-0379-4589-ba0e-d704fdcdb57f,Jupiter International Limited,cell_sold_mw,83.56,2026-05-16T00:32:03
2026,4,Apr,9d98d3e6-0379-4589-ba0e-d704fdcdb57f,Jupiter International Limited,cell_sold_mw,97.61,2026-05-16T00:32:03
2026,5,May,9d98d3e6-0379-4589-ba0e-d704fdcdb57f,Jupiter International Limited,cell_sold_mw,17.56,2026-05-16T00:32:03
2026,6,Jun,9d98d3e6-0379-4589-ba0e-d704fdcdb57f,Jupiter International Limited,cell_sold_mw,0.0,2026-05-16T00:32:03
2026,7,Jul,9d98d3e6-0379-4589-ba0e-d704fdcdb57f,Jupiter International Limited,cell_sold_mw,0.0,2026-05-16T00:32:03
2026,8,Aug,9d98d3e6-0379-4589-ba0e-d704fdcdb57f,Jupiter International Limited,cell_sold_mw,0.0,2026-05-16T00:32:03
2026,9,Sep,9d98d3e6-0379-4589-ba0e-d704fdcdb57f,Jupiter International Limited,cell_sold_mw,0.0,2026-05-16T00:32:03
2026,10,Oct,9d98d3e6-0379-4589-ba0e-d704fdcdb57f,Jupiter International Limited,cell_sold_mw,0.0,2026-05-16T00:32:03
2026,11,Nov,9d98d3e6-0379-4589-ba0e-d704fdcdb57f,Jupiter International Limited,cell_sold_mw,0.0,2026-05-16T00:32:03
2026,12,Dec,9d98d3e6-0379-4589-ba0e-d704fdcdb57f,Jupiter International Limited,cell_sold_mw,0.0,2026-05-16T00:32:03
2026,1,Jan,8a29c14f-41fe-40db-b1d3-1769fb4dc2d9,Fujiyama Power Systems Limited,cell_manufactured_mw,21.87,2026-05-16T00:32:03
2026,2,Feb,8a29c14f-41fe-40db-b1d3-1769fb4dc2d9,Fujiyama Power Systems Limited,cell_manufactured_mw,40.52,2026-05-16T00:32:03
2026,3,Mar,8a29c14f-41fe-40db-b1d3-1769fb4dc2d9,Fujiyama Power Systems Limited,cell_manufactured_mw,47.19,2026-05-16T00:32:03
2026,4,Apr,8a29c14f-41fe-40db-b1d3-1769fb4dc2d9,Fujiyama Power Systems Limited,cell_manufactured_mw,53.35,2026-05-16T00:32:03
2026,5,May,8a29c14f-41fe-40db-b1d3-1769fb4dc2d9,Fujiyama Power Systems Limited,cell_manufactured_mw,25.16,2026-05-16T00:32:03
2026,6,Jun,8a29c14f-41fe-40db-b1d3-1769fb4dc2d9,Fujiyama Power Systems Limited,cell_manufactured_mw,0.0,2026-05-16T00:32:03
2026,7,Jul,8a29c14f-41fe-40db-b1d3-1769fb4dc2d9,Fujiyama Power Systems Limited,cell_manufactured_mw,0.0,2026-05-16T00:32:03
2026,8,Aug,8a29c14f-41fe-40db-b1d3-1769fb4dc2d9,Fujiyama Power Systems Limited,cell_manufactured_mw,0.0,2026-05-16T00:32:03
2026,9,Sep,8a29c14f-41fe-40db-b1d3-1769fb4dc2d9,Fujiyama Power Systems Limited,cell_manufactured_mw,0.0,2026-05-16T00:32:03
2026,10,Oct,8a29c14f-41fe-40db-b1d3-1769fb4dc2d9,Fujiyama Power Systems Limited,cell_manufactured_mw,0.0,2026-05-16T00:32:03
2026,11,Nov,8a29c14f-41fe-40db-b1d3-1769fb4dc2d9,Fujiyama Power Systems Limited,cell_manufactured_mw,0.0,2026-05-16T00:32:03
2026,12,Dec,8a29c14f-41fe-40db-b1d3-1769fb4dc2d9,Fujiyama Power Systems Limited,cell_manufactured_mw,0.0,2026-05-16T00:32:03
2026,1,Jan,8a29c14f-41fe-40db-b1d3-1769fb4dc2d9,Fujiyama Power Systems Limited,cell_sold_mw,5.64,2026-05-16T00:32:03
2026,2,Feb,8a29c14f-41fe-40db-b1d3-1769fb4dc2d9,Fujiyama Power Systems Limited,cell_sold_mw,2.97,2026-05-16T00:32:03
2026,3,Mar,8a29c14f-41fe-40db-b1d3-1769fb4dc2d9,Fujiyama Power Systems Limited,cell_sold_mw,8.97,2026-05-16T00:32:03
2026,4,Apr,8a29c14f-41fe-40db-b1d3-1769fb4dc2d9,Fujiyama Power Systems Limited,cell_sold_mw,6.32,2026-05-16T00:32:03
2026,5,May,8a29c14f-41fe-40db-b1d3-1769fb4dc2d9,Fujiyama Power Systems Limited,cell_sold_mw,1.82,2026-05-16T00:32:03
2026,6,Jun,8a29c14f-41fe-40db-b1d3-1769fb4dc2d9,Fujiyama Power Systems Limited,cell_sold_mw,0.0,2026-05-16T00:32:03
2026,7,Jul,8a29c14f-41fe-40db-b1d3-1769fb4dc2d9,Fujiyama Power Systems Limited,cell_sold_mw,0.0,2026-05-16T00:32:03
2026,8,Aug,8a29c14f-41fe-40db-b1d3-1769fb4dc2d9,Fujiyama Power Systems Limited,cell_sold_mw,0.0,2026-05-16T00:32:03
2026,9,Sep,8a29c14f-41fe-40db-b1d3-1769fb4dc2d9,Fujiyama Power Systems Limited,cell_sold_mw,0.0,2026-05-16T00:32:03
2026,10,Oct,8a29c14f-41fe-40db-b1d3-1769fb4dc2d9,Fujiyama Power Systems Limited,cell_sold_mw,0.0,2026-05-16T00:32:03
2026,11,Nov,8a29c14f-41fe-40db-b1d3-1769fb4dc2d9,Fujiyama Power Systems Limited,cell_sold_mw,0.0,2026-05-16T00:32:03
2026,12,Dec,8a29c14f-41fe-40db-b1d3-1769fb4dc2d9,Fujiyama Power Systems Limited,cell_sold_mw,0.0,2026-05-16T00:32:03
2026,1,Jan,ef691f5a-e049-46f5-8d79-6b8547dc632b,Evervolt Solar Technology India Private Limited,cell_manufactured_mw,25.83,2026-05-16T00:32:03
2026,2,Feb,ef691f5a-e049-46f5-8d79-6b8547dc632b,Evervolt Solar Technology India Private Limited,cell_manufactured_mw,37.01,2026-05-16T00:32:03
2026,3,Mar,ef691f5a-e049-46f5-8d79-6b8547dc632b,Evervolt Solar Technology India Private Limited,cell_manufactured_mw,45.46,2026-05-16T00:32:03
2026,4,Apr,ef691f5a-e049-46f5-8d79-6b8547dc632b,Evervolt Solar Technology India Private Limited,cell_manufactured_mw,45.53,2026-05-16T00:32:03
2026,5,May,ef691f5a-e049-46f5-8d79-6b8547dc632b,Evervolt Solar Technology India Private Limited,cell_manufactured_mw,6.97,2026-05-16T00:32:03
2026,6,Jun,ef691f5a-e049-46f5-8d79-6b8547dc632b,Evervolt Solar Technology India Private Limited,cell_manufactured_mw,0.0,2026-05-16T00:32:03
2026,7,Jul,ef691f5a-e049-46f5-8d79-6b8547dc632b,Evervolt Solar Technology India Private Limited,cell_manufactured_mw,0.0,2026-05-16T00:32:03
2026,8,Aug,ef691f5a-e049-46f5-8d79-6b8547dc632b,Evervolt Solar Technology India Private Limited,cell_manufactured_mw,0.0,2026-05-16T00:32:03
2026,9,Sep,ef691f5a-e049-46f5-8d79-6b8547dc632b,Evervolt Solar Technology India Private Limited,cell_manufactured_mw,0.0,2026-05-16T00:32:03
2026,10,Oct,ef691f5a-e049-46f5-8d79-6b8547dc632b,Evervolt Solar Technology India Private Limited,cell_manufactured_mw,0.0,2026-05-16T00:32:03
2026,11,Nov,ef691f5a-e049-46f5-8d79-6b8547dc632b,Evervolt Solar Technology India Private Limited,cell_manufactured_mw,0.0,2026-05-16T00:32:03
2026,12,Dec,ef691f5a-e049-46f5-8d79-6b8547dc632b,Evervolt Solar Technology India Private Limited,cell_manufactured_mw,0.0,2026-05-16T00:32:03
2026,1,Jan,ef691f5a-e049-46f5-8d79-6b8547dc632b,Evervolt Solar Technology India Private Limited,cell_sold_mw,26.34,2026-05-16T00:32:03
2026,2,Feb,ef691f5a-e049-46f5-8d79-6b8547dc632b,Evervolt Solar Technology India Private Limited,cell_sold_mw,40.31,2026-05-16T00:32:03
2026,3,Mar,ef691f5a-e049-46f5-8d79-6b8547dc632b,Evervolt Solar Technology India Private Limited,cell_sold_mw,77.49,2026-05-16T00:32:03
2026,4,Apr,ef691f5a-e049-46f5-8d79-6b8547dc632b,Evervolt Solar Technology India Private Limited,cell_sold_mw,7.62,2026-05-16T00:32:03
2026,5,May,ef691f5a-e049-46f5-8d79-6b8547dc632b,Evervolt Solar Technology India Private Limited,cell_sold_mw,12.47,2026-05-16T00:32:03
2026,6,Jun,ef691f5a-e049-46f5-8d79-6b8547dc632b,Evervolt Solar Technology India Private Limited,cell_sold_mw,0.0,2026-05-16T00:32:03
2026,7,Jul,ef691f5a-e049-46f5-8d79-6b8547dc632b,Evervolt Solar Technology India Private Limited,cell_sold_mw,0.0,2026-05-16T00:32:03
2026,8,Aug,ef691f5a-e049-46f5-8d79-6b8547dc632b,Evervolt Solar Technology India Private Limited,cell_sold_mw,0.0,2026-05-16T00:32:03
2026,9,Sep,ef691f5a-e049-46f5-8d79-6b8547dc632b,Evervolt Solar Technology India Private Limited,cell_sold_mw,0.0,2026-05-16T00:32:03
2026,10,Oct,ef691f5a-e049-46f5-8d79-6b8547dc632b,Evervolt Solar Technology India Private Limited,cell_sold_mw,0.0,2026-05-16T00:32:03
2026,11,Nov,ef691f5a-e049-46f5-8d79-6b8547dc632b,Evervolt Solar Technology India Private Limited,cell_sold_mw,0.0,2026-05-16T00:32:03
2026,12,Dec,ef691f5a-e049-46f5-8d79-6b8547dc632b,Evervolt Solar Technology India Private Limited,cell_sold_mw,0.0,2026-05-16T00:32:03
2026,1,Jan,91b24c33-c4b4-492e-91fe-abb42080a27d,Tata Power Renewable Energy Limited,cell_manufactured_mw,15.73,2026-05-16T00:32:03
2026,2,Feb,91b24c33-c4b4-492e-91fe-abb42080a27d,Tata Power Renewable Energy Limited,cell_manufactured_mw,19.53,2026-05-16T00:32:03
2026,3,Mar,91b24c33-c4b4-492e-91fe-abb42080a27d,Tata Power Renewable Energy Limited,cell_manufactured_mw,19.24,2026-05-16T00:32:03
2026,4,Apr,91b24c33-c4b4-492e-91fe-abb42080a27d,Tata Power Renewable Energy Limited,cell_manufactured_mw,15.92,2026-05-16T00:32:03
2026,5,May,91b24c33-c4b4-492e-91fe-abb42080a27d,Tata Power Renewable Energy Limited,cell_manufactured_mw,5.29,2026-05-16T00:32:03
2026,6,Jun,91b24c33-c4b4-492e-91fe-abb42080a27d,Tata Power Renewable Energy Limited,cell_manufactured_mw,0.0,2026-05-16T00:32:03
2026,7,Jul,91b24c33-c4b4-492e-91fe-abb42080a27d,Tata Power Renewable Energy Limited,cell_manufactured_mw,0.0,2026-05-16T00:32:03
2026,8,Aug,91b24c33-c4b4-492e-91fe-abb42080a27d,Tata Power Renewable Energy Limited,cell_manufactured_mw,0.0,2026-05-16T00:32:03
2026,9,Sep,91b24c33-c4b4-492e-91fe-abb42080a27d,Tata Power Renewable Energy Limited,cell_manufactured_mw,0.0,2026-05-16T00:32:03
2026,10,Oct,91b24c33-c4b4-492e-91fe-abb42080a27d,Tata Power Renewable Energy Limited,cell_manufactured_mw,0.0,2026-05-16T00:32:03
2026,11,Nov,91b24c33-c4b4-492e-91fe-abb42080a27d,Tata Power Renewable Energy Limited,cell_manufactured_mw,0.0,2026-05-16T00:32:03
2026,12,Dec,91b24c33-c4b4-492e-91fe-abb42080a27d,Tata Power Renewable Energy Limited,cell_manufactured_mw,0.0,2026-05-16T00:32:03
2026,1,Jan,91b24c33-c4b4-492e-91fe-abb42080a27d,Tata Power Renewable Energy Limited,cell_sold_mw,0.0,2026-05-16T00:32:03
2026,2,Feb,91b24c33-c4b4-492e-91fe-abb42080a27d,Tata Power Renewable Energy Limited,cell_sold_mw,3.07,2026-05-16T00:32:03
2026,3,Mar,91b24c33-c4b4-492e-91fe-abb42080a27d,Tata Power Renewable Energy Limited,cell_sold_mw,2.32,2026-05-16T00:32:03
2026,4,Apr,91b24c33-c4b4-492e-91fe-abb42080a27d,Tata Power Renewable Energy Limited,cell_sold_mw,0.0,2026-05-16T00:32:03
2026,5,May,91b24c33-c4b4-492e-91fe-abb42080a27d,Tata Power Renewable Energy Limited,cell_sold_mw,0.0,2026-05-16T00:32:03
2026,6,Jun,91b24c33-c4b4-492e-91fe-abb42080a27d,Tata Power Renewable Energy Limited,cell_sold_mw,0.0,2026-05-16T00:32:03
2026,7,Jul,91b24c33-c4b4-492e-91fe-abb42080a27d,Tata Power Renewable Energy Limited,cell_sold_mw,0.0,2026-05-16T00:32:03
2026,8,Aug,91b24c33-c4b4-492e-91fe-abb42080a27d,Tata Power Renewable Energy Limited,cell_sold_mw,0.0,2026-05-16T00:32:03
2026,9,Sep,91b24c33-c4b4-492e-91fe-abb42080a27d,Tata Power Renewable Energy Limited,cell_sold_mw,0.0,2026-05-16T00:32:03
2026,10,Oct,91b24c33-c4b4-492e-91fe-abb42080a27d,Tata Power Renewable Energy Limited,cell_sold_mw,0.0,2026-05-16T00:32:03
2026,11,Nov,91b24c33-c4b4-492e-91fe-abb42080a27d,Tata Power Renewable Energy Limited,cell_sold_mw,0.0,2026-05-16T00:32:03
2026,12,Dec,91b24c33-c4b4-492e-91fe-abb42080a27d,Tata Power Renewable Energy Limited,cell_sold_mw,0.0,2026-05-16T00:32:03
2026,1,Jan,e729d3d9-ea77-4cc1-9958-698ed8e79587,Jupiter Solartech Private Limited,cell_manufactured_mw,0.0,2026-05-16T00:32:03
2026,2,Feb,e729d3d9-ea77-4cc1-9958-698ed8e79587,Jupiter Solartech Private Limited,cell_manufactured_mw,0.0,2026-05-16T00:32:03
2026,3,Mar,e729d3d9-ea77-4cc1-9958-698ed8e79587,Jupiter Solartech Private Limited,cell_manufactured_mw,0.0,2026-05-16T00:32:03
2026,4,Apr,e729d3d9-ea77-4cc1-9958-698ed8e79587,Jupiter Solartech Private Limited,cell_manufactured_mw,13.77,2026-05-16T00:32:03
2026,5,May,e729d3d9-ea77-4cc1-9958-698ed8e79587,Jupiter Solartech Private Limited,cell_manufactured_mw,30.78,2026-05-16T00:32:03
2026,6,Jun,e729d3d9-ea77-4cc1-9958-698ed8e79587,Jupiter Solartech Private Limited,cell_manufactured_mw,0.0,2026-05-16T00:32:03
2026,7,Jul,e729d3d9-ea77-4cc1-9958-698ed8e79587,Jupiter Solartech Private Limited,cell_manufactured_mw,0.0,2026-05-16T00:32:03
2026,8,Aug,e729d3d9-ea77-4cc1-9958-698ed8e79587,Jupiter Solartech Private Limited,cell_manufactured_mw,0.0,2026-05-16T00:32:03
2026,9,Sep,e729d3d9-ea77-4cc1-9958-698ed8e79587,Jupiter Solartech Private Limited,cell_manufactured_mw,0.0,2026-05-16T00:32:03
2026,10,Oct,e729d3d9-ea77-4cc1-9958-698ed8e79587,Jupiter Solartech Private Limited,cell_manufactured_mw,0.0,2026-05-16T00:32:03
2026,11,Nov,e729d3d9-ea77-4cc1-9958-698ed8e79587,Jupiter Solartech Private Limited,cell_manufactured_mw,0.0,2026-05-16T00:32:03
2026,12,Dec,e729d3d9-ea77-4cc1-9958-698ed8e79587,Jupiter Solartech Private Limited,cell_manufactured_mw,0.0,2026-05-16T00:32:03
2026,1,Jan,e729d3d9-ea77-4cc1-9958-698ed8e79587,Jupiter Solartech Private Limited,cell_sold_mw,0.0,2026-05-16T00:32:03
2026,2,Feb,e729d3d9-ea77-4cc1-9958-698ed8e79587,Jupiter Solartech Private Limited,cell_sold_mw,0.0,2026-05-16T00:32:03
2026,3,Mar,e729d3d9-ea77-4cc1-9958-698ed8e79587,Jupiter Solartech Private Limited,cell_sold_mw,0.0,2026-05-16T00:32:03
2026,4,Apr,e729d3d9-ea77-4cc1-9958-698ed8e79587,Jupiter Solartech Private Limited,cell_sold_mw,12.0,2026-05-16T00:32:03
2026,5,May,e729d3d9-ea77-4cc1-9958-698ed8e79587,Jupiter Solartech Private Limited,cell_sold_mw,0.0,2026-05-16T00:32:03
2026,6,Jun,e729d3d9-ea77-4cc1-9958-698ed8e79587,Jupiter Solartech Private Limited,cell_sold_mw,0.0,2026-05-16T00:32:03
2026,7,Jul,e729d3d9-ea77-4cc1-9958-698ed8e79587,Jupiter Solartech Private Limited,cell_sold_mw,0.0,2026-05-16T00:32:03
2026,8,Aug,e729d3d9-ea77-4cc1-9958-698ed8e79587,Jupiter Solartech Private Limited,cell_sold_mw,0.0,2026-05-16T00:32:03
2026,9,Sep,e729d3d9-ea77-4cc1-9958-698ed8e79587,Jupiter Solartech Private Limited,cell_sold_mw,0.0,2026-05-16T00:32:03
2026,10,Oct,e729d3d9-ea77-4cc1-9958-698ed8e79587,Jupiter Solartech Private Limited,cell_sold_mw,0.0,2026-05-16T00:32:03
2026,11,Nov,e729d3d9-ea77-4cc1-9958-698ed8e79587,Jupiter Solartech Private Limited,cell_sold_mw,0.0,2026-05-16T00:32:03
2026,12,Dec,e729d3d9-ea77-4cc1-9958-698ed8e79587,Jupiter Solartech Private Limited,cell_sold_mw,0.0,2026-05-16T00:32:03
2026,1,Jan,24cb65eb-f553-4fe4-853e-dfee1df94d49,Renewsys India Private Limited,cell_manufactured_mw,0.0,2026-05-16T00:32:03
2026,2,Feb,24cb65eb-f553-4fe4-853e-dfee1df94d49,Renewsys India Private Limited,cell_manufactured_mw,0.0,2026-05-16T00:32:03
2026,3,Mar,24cb65eb-f553-4fe4-853e-dfee1df94d49,Renewsys India Private Limited,cell_manufactured_mw,4.73,2026-05-16T00:32:03
2026,4,Apr,24cb65eb-f553-4fe4-853e-dfee1df94d49,Renewsys India Private Limited,cell_manufactured_mw,6.07,2026-05-16T00:32:03
2026,5,May,24cb65eb-f553-4fe4-853e-dfee1df94d49,Renewsys India Private Limited,cell_manufactured_mw,0.5,2026-05-16T00:32:03
2026,6,Jun,24cb65eb-f553-4fe4-853e-dfee1df94d49,Renewsys India Private Limited,cell_manufactured_mw,0.0,2026-05-16T00:32:03
2026,7,Jul,24cb65eb-f553-4fe4-853e-dfee1df94d49,Renewsys India Private Limited,cell_manufactured_mw,0.0,2026-05-16T00:32:03
2026,8,Aug,24cb65eb-f553-4fe4-853e-dfee1df94d49,Renewsys India Private Limited,cell_manufactured_mw,0.0,2026-05-16T00:32:03
2026,9,Sep,24cb65eb-f553-4fe4-853e-dfee1df94d49,Renewsys India Private Limited,cell_manufactured_mw,0.0,2026-05-16T00:32:03
2026,10,Oct,24cb65eb-f553-4fe4-853e-dfee1df94d49,Renewsys India Private Limited,cell_manufactured_mw,0.0,2026-05-16T00:32:03
2026,11,Nov,24cb65eb-f553-4fe4-853e-dfee1df94d49,Renewsys India Private Limited,cell_manufactured_mw,0.0,2026-05-16T00:32:03
2026,12,Dec,24cb65eb-f553-4fe4-853e-dfee1df94d49,Renewsys India Private Limited,cell_manufactured_mw,0.0,2026-05-16T00:32:03
2026,1,Jan,24cb65eb-f553-4fe4-853e-dfee1df94d49,Renewsys India Private Limited,cell_sold_mw,0.0,2026-05-16T00:32:03
2026,2,Feb,24cb65eb-f553-4fe4-853e-dfee1df94d49,Renewsys India Private Limited,cell_sold_mw,0.0,2026-05-16T00:32:03
2026,3,Mar,24cb65eb-f553-4fe4-853e-dfee1df94d49,Renewsys India Private Limited,cell_sold_mw,0.0,2026-05-16T00:32:03
2026,4,Apr,24cb65eb-f553-4fe4-853e-dfee1df94d49,Renewsys India Private Limited,cell_sold_mw,2.19,2026-05-16T00:32:03
2026,5,May,24cb65eb-f553-4fe4-853e-dfee1df94d49,Renewsys India Private Limited,cell_sold_mw,0.0,2026-05-16T00:32:03
2026,6,Jun,24cb65eb-f553-4fe4-853e-dfee1df94d49,Renewsys India Private Limited,cell_sold_mw,0.0,2026-05-16T00:32:03
2026,7,Jul,24cb65eb-f553-4fe4-853e-dfee1df94d49,Renewsys India Private Limited,cell_sold_mw,0.0,2026-05-16T00:32:03
2026,8,Aug,24cb65eb-f553-4fe4-853e-dfee1df94d49,Renewsys India Private Limited,cell_sold_mw,0.0,2026-05-16T00:32:03
2026,9,Sep,24cb65eb-f553-4fe4-853e-dfee1df94d49,Renewsys India Private Limited,cell_sold_mw,0.0,2026-05-16T00:32:03
2026,10,Oct,24cb65eb-f553-4fe4-853e-dfee1df94d49,Renewsys India Private Limited,cell_sold_mw,0.0,2026-05-16T00:32:03
2026,11,Nov,24cb65eb-f553-4fe4-853e-dfee1df94d49,Renewsys India Private Limited,cell_sold_mw,0.0,2026-05-16T00:32:03
2026,12,Dec,24cb65eb-f553-4fe4-853e-dfee1df94d49,Renewsys India Private Limited,cell_sold_mw,0.0,2026-05-16T00:32:03
